merchant_id,umap_x_w1,umap_y_w1,cluster_w1,umap_x_w24,umap_y_w24,cluster_w24,umap_dx,umap_dy,trajectory_magnitude
MID_0001,-0.6885,-0.1372,Healthy,7.1019,0.5617,Risky,7.7904,0.6989,7.8217
MID_0002,0.9329,11.9501,Healthy,-2.8869,6.7484,Healthy,-3.8198,-5.2016997,6.4536
MID_0003,-0.7237,-1.2474,Healthy,7.1281,0.2194,Risky,7.8518,1.4668001,7.9876
MID_0004,4.1464,13.0176,Healthy,-2.5566,6.2448,Healthy,-6.703,-6.7728,9.529
MID_0005,1.1167,11.3667,Healthy,-2.7824,6.8641,Healthy,-3.8990998,-4.5026,5.9562
MID_0006,1.7524,-5.9633,Risky,7.0826,0.5884,Risky,5.3302,6.5517,8.4461
MID_0007,0.9994,10.2497,Healthy,2.7329,9.1623,Healthy,1.7334999,-1.0873995,2.0463
MID_0008,2.5513,10.2441,Healthy,-2.9198,8.1452,Healthy,-5.4711,-2.0988998,5.8599
MID_0009,4.1903,12.5028,Healthy,-2.3962,6.2285,Healthy,-6.5865,-6.2743,9.0966
MID_0010,2.0036,-6.1096,Risky,1.7202,7.0644,Healthy,-0.28339994,13.174,13.177
MID_0011,0.9435,11.9869,Healthy,3.8948,11.0616,Healthy,2.9513,-0.9253006,3.093
MID_0012,0.9309,11.8921,Healthy,4.1743,11.1478,Healthy,3.2434,-0.7442999,3.3277
MID_0013,-2.9641,-2.4982,Healthy,-3.1692,7.6801,Healthy,-0.20510006,10.1783,10.1804
MID_0014,1.4504,9.4968,Healthy,-7.6459,11.3153,Healthy,-9.0963,1.8184996,9.2763
MID_0015,0.9445,11.99,Healthy,3.9993,11.1382,Healthy,3.0548,-0.85179996,3.1713
MID_0016,-0.5911,-1.0107,Healthy,1.8003,6.3258,Healthy,2.3913999,7.3365,7.7164
MID_0017,1.9399,-6.0913,Risky,-3.8546,7.5025,Healthy,-5.7945,13.5938,14.7773
MID_0018,1.9316,-6.0764,Risky,-6.9291,9.5002,Healthy,-8.8607,15.5766,17.9204
MID_0019,-7.0641,10.8218,Healthy,7.062,0.5287,Risky,14.1261,-10.2931,17.4784
MID_0020,0.6553,10.9941,Healthy,2.8756,8.5639,Healthy,2.2203002,-2.4301996,3.2917
MID_0021,-0.748,-1.2603,Healthy,-4.0387,7.97,Healthy,-3.2907,9.2303,9.7993
MID_0022,1.5846,-5.7932,Risky,7.1157,0.5092,Risky,5.5311,6.3024,8.3853
MID_0023,1.6814,-5.8886,Risky,1.9823,7.1214,Healthy,0.3009001,13.01,13.0135
MID_0024,1.8303,10.0637,Healthy,-2.7929,7.7281,Healthy,-4.6232,-2.3356,5.1797
MID_0025,-5.5664,11.3309,Healthy,7.1465,0.1899,Risky,12.7129,-11.141,16.9038
MID_0026,4.2339,12.4879,Healthy,4.353,11.6989,Healthy,0.119100094,-0.78899956,0.7979
MID_0027,-1.3796,-1.8342,Healthy,-3.0764,7.9054,Healthy,-1.6968,9.7396,9.8863
MID_0028,0.9952,8.8176,Healthy,-3.7451,8.0798,Healthy,-4.7403,-0.7378006,4.7974
MID_0029,1.8088,-6.011,Risky,7.1119,0.4214,Risky,5.3030996,6.4324,8.3366
MID_0030,-6.8498,10.9626,Healthy,-4.0909,8.2167,Healthy,2.7589002,-2.7459002,3.8925
MID_0031,0.6533,11.1365,Healthy,2.793,9.2836,Healthy,2.1397,-1.8529005,2.8305
MID_0032,1.5932,-5.8198,Risky,7.0158,0.6029,Risky,5.4226,6.4227,8.4057
MID_0033,1.7462,-5.9466,Risky,-4.0634,7.887,Healthy,-5.8096,13.8336,15.004
MID_0034,0.764,8.6864,Healthy,-4.0067,8.1861,Healthy,-4.7707,-0.5003004,4.7969
MID_0035,1.6716,-5.8773,Risky,6.4109,0.5743,Risky,4.7393003,6.4515996,8.0053
MID_0036,2.6451,10.2942,Healthy,-2.6776,7.1336,Healthy,-5.3227,-3.1605997,6.1904
MID_0037,1.8035,10.0541,Healthy,-2.9,7.1423,Healthy,-4.7035003,-2.9118,5.5319
MID_0038,1.8182,-6.0102,Risky,-4.1395,7.9835,Healthy,-5.9577003,13.9937,15.2091
MID_0039,1.138,-5.7162,Risky,-7.7444,8.5222,Healthy,-8.8824005,14.2383995,16.7818
MID_0040,-1.2423,-2.9947,Healthy,-3.4062,8.2283,Healthy,-2.1639,11.223,11.4297
MID_0041,-0.6312,-1.1061,Healthy,-7.6155,10.0519,Healthy,-6.9843,11.158,13.1636
MID_0042,1.0267,12.7084,Healthy,4.8172,12.8488,Healthy,3.7905002,0.14039993,3.7931
MID_0043,-7.037,10.8353,Healthy,7.1426,0.3135,Risky,14.1796,-10.5218,17.657
MID_0044,0.9428,12.6063,Healthy,-2.3178,5.6849,Healthy,-3.2606,-6.9214005,7.651
MID_0045,1.013,8.8544,Healthy,2.3618,7.3149,Healthy,1.3488,-1.5394998,2.0468
MID_0046,1.138,9.7916,Healthy,-2.7792,7.6392,Healthy,-3.9172,-2.1524,4.4696
MID_0047,-0.5871,-1.0821,Healthy,6.9572,0.5549,Risky,7.5443,1.6370001,7.7199
MID_0048,-0.7465,-1.2778,Healthy,7.091,0.5702,Risky,7.8375,1.848,8.0524
MID_0049,4.0443,12.9174,Healthy,-2.598,6.5768,Healthy,-6.6423,-6.3406005,9.1828
MID_0050,-0.6328,-1.0448,Healthy,-7.5646,10.0896,Healthy,-6.9318,11.134399,13.1158
MID_0051,-3.6796,-2.723,Healthy,4.0788,11.2474,Healthy,7.7584,13.9704,15.9801
MID_0052,-6.4372,11.1367,Healthy,-6.9328,9.3399,Healthy,-0.49559975,-1.7967997,1.8639
MID_0053,1.8356,10.3714,Healthy,-2.5055,6.2322,Healthy,-4.3411,-4.1391997,5.9982
MID_0054,1.3686,11.9847,Healthy,-2.9035,6.3059,Healthy,-4.2721,-5.6788,7.1063
MID_0055,-0.6842,-0.5858,Healthy,-3.4055,7.6541,Healthy,-2.7213,8.2399,8.6776
MID_0056,-1.0329,-1.4049,Healthy,-7.7284,9.549,Healthy,-6.6955004,10.953899,12.8381
MID_0057,1.9506,-6.1117,Risky,6.9614,0.5647,Risky,5.0108,6.6764,8.3476
MID_0058,4.1392,12.985,Healthy,-2.5688,6.2099,Healthy,-6.708,-6.7750998,9.5341
MID_0059,-1.1012,-1.0073,Healthy,-4.1553,8.2686,Healthy,-3.0541,9.275901,9.7658
MID_0060,1.5355,12.4142,Healthy,4.4104,11.7434,Healthy,2.8748999,-0.6708002,2.9521
MID_0061,1.9172,10.6331,Healthy,4.058,10.9848,Healthy,2.1408,0.35170078,2.1695
MID_0062,1.945,10.4421,Healthy,3.616,9.0069,Healthy,1.6709999,-1.4351997,2.2027
MID_0063,-5.9462,11.2182,Healthy,1.5339,7.6992,Healthy,7.4800997,-3.5189996,8.2665
MID_0064,-2.4404,-2.4161,Healthy,-3.431,7.45,Healthy,-0.9906001,9.8661,9.9157
MID_0065,1.9515,-6.1064,Risky,6.9942,0.5587,Risky,5.0427003,6.6651,8.3578
MID_0066,1.951,-6.0863,Risky,-7.5828,10.0248,Healthy,-9.5338,16.1111,18.7206
MID_0067,1.2458,12.6605,Healthy,4.5009,12.1356,Healthy,3.2550998,-0.5248995,3.2971
MID_0068,-0.6359,-0.6462,Healthy,6.966,0.5508,Risky,7.6019,1.197,7.6956
MID_0069,0.9284,11.8917,Healthy,2.8603,9.7585,Healthy,1.9319,-2.1331997,2.878
MID_0070,1.2165,11.9484,Healthy,-2.6707,6.8811,Healthy,-3.8872,-5.0672994,6.3865
MID_0071,-5.4803,11.3332,Healthy,-3.3467,7.2981,Healthy,2.1336,-4.0351005,4.5645
MID_0072,-5.5342,11.3345,Healthy,-3.4609,7.7364,Healthy,2.0733001,-3.5981002,4.1527
MID_0073,1.0587,-5.6312,Risky,-7.2436,10.1837,Healthy,-8.3022995,15.814899,17.8617
MID_0074,0.9202,12.3925,Healthy,4.4509,11.9017,Healthy,3.5307002,-0.4907999,3.5646
MID_0075,-7.0358,10.8446,Healthy,7.0807,0.5969,Risky,14.1165,-10.2477,17.4439
MID_0076,-6.5247,11.1097,Healthy,2.0613,7.1034,Healthy,8.586,-4.0063,9.4747
MID_0077,1.2596,9.065,Healthy,-4.0928,8.2588,Healthy,-5.3524003,-0.8062,5.4128
MID_0078,-1.0789,-1.0169,Healthy,6.1594,0.5634,Risky,7.2383,1.5802999,7.4088
MID_0079,-5.5652,11.3367,Healthy,2.8953,8.1182,Healthy,8.4605,-3.2185001,9.052
MID_0080,-1.0676,-1.0052,Healthy,-7.9047,8.4795,Healthy,-6.8371,9.4847,11.6921
MID_0081,-1.3917,-1.8473,Healthy,2.7357,8.159,Healthy,4.1274,10.0063,10.8241
MID_0082,-0.642,-0.5302,Healthy,-0.4091,0.1563,Healthy,0.23290002,0.6865,0.7249
MID_0083,-0.6051,-1.0659,Healthy,-3.44,7.6069,Healthy,-2.8349001,8.6728,9.1244
MID_0084,1.769,-5.9675,Risky,-0.4145,0.1481,Healthy,-2.1835,6.1156,6.4937
MID_0085,0.9855,12.6853,Healthy,-2.4217,6.2552,Healthy,-3.4071999,-6.4301,7.277
MID_0086,2.0752,-6.1245,Risky,-7.7098,9.7991,Healthy,-9.785,15.923599,18.6898
MID_0087,0.9309,12.39,Healthy,4.4723,11.8014,Healthy,3.5414,-0.58860016,3.59
MID_0088,-2.1658,-2.2411,Healthy,-3.1865,7.6442,Healthy,-1.0207,9.8853,9.9379
MID_0089,1.2112,12.3428,Healthy,4.438,11.7667,Healthy,3.2268002,-0.57610035,3.2778
MID_0090,1.1208,11.3167,Healthy,3.774,8.982,Healthy,2.6532,-2.3346996,3.5342
MID_0091,-2.6334,-2.4581,Healthy,-3.0082,7.776,Healthy,-0.37479997,10.2341,10.241
MID_0092,-1.3193,-2.9435,Healthy,2.7176,8.371,Healthy,4.0369,11.314501,12.0131
MID_0093,-7.0775,10.8569,Healthy,-7.6792,8.5703,Healthy,-0.6017003,-2.2866,2.3644
MID_0094,0.6265,11.1282,Healthy,3.2661,9.0538,Healthy,2.6395998,-2.0744,3.3572
MID_0095,0.6109,10.8429,Healthy,-3.0915,8.1587,Healthy,-3.7024,-2.6842003,4.573
MID_0096,1.9842,-6.1119,Risky,-3.6025,7.769,Healthy,-5.5867,13.880899,14.963
MID_0097,1.0935,11.394,Healthy,3.7953,9.6715,Healthy,2.7017999,-1.7224998,3.2042
MID_0098,0.7166,8.6491,Healthy,2.5339,7.6956,Healthy,1.8173001,-0.9535003,2.0523
MID_0099,1.8538,-6.0453,Risky,7.0517,0.2835,Risky,5.1979,6.3288,8.1897
MID_0100,-0.7804,-0.3262,Healthy,2.3026,7.438,Healthy,3.083,7.7642,8.3539
MID_0101,1.4947,12.3411,Healthy,-2.3923,5.8941,Healthy,-3.8869998,-6.4469995,7.5281
MID_0102,1.3518,9.1774,Healthy,6.8723,0.6312,Risky,5.5205,-8.5462,10.1742
MID_0103,1.8399,10.0239,Healthy,2.3426,7.6275,Healthy,0.5027001,-2.3964,2.4486
MID_0104,0.9361,11.7273,Healthy,-3.0168,7.3879,Healthy,-3.9529,-4.3394,5.8699
MID_0105,-1.4131,-1.8541,Healthy,3.2232,8.3629,Healthy,4.6363,10.217,11.2197
MID_0106,-6.5852,11.0981,Healthy,7.1726,0.1463,Risky,13.757799,-10.951799,17.5846
MID_0107,-0.6537,-0.8645,Healthy,-7.7114,9.7995,Healthy,-7.0577,10.6640005,12.788
MID_0108,-2.529,-2.4148,Healthy,-3.2352,7.4165,Healthy,-0.7061999,9.8313,9.8566
MID_0109,0.732,8.6492,Healthy,-4.1457,8.1548,Healthy,-4.8777,-0.49440002,4.9027
MID_0110,0.8328,11.5113,Healthy,-2.8731,7.3241,Healthy,-3.7059,-4.1872,5.5916
MID_0111,1.8951,-6.0726,Risky,-4.0129,7.9039,Healthy,-5.908,13.9765,15.1739
MID_0112,0.9094,12.3053,Healthy,-2.7203,7.1,Healthy,-3.6297,-5.2053,6.3459
MID_0113,0.9084,12.3477,Healthy,-2.9224,6.6016,Healthy,-3.8308,-5.7461,6.906
MID_0114,-0.7026,-1.2276,Healthy,-3.1388,7.9541,Healthy,-2.4362,9.1817,9.4994
MID_0115,0.882,11.6353,Healthy,-3.0565,8.0677,Healthy,-3.9385,-3.5675993,5.3141
MID_0116,1.079,-5.6308,Risky,-2.7732,7.1408,Healthy,-3.8522,12.7716,13.3399
MID_0117,-0.6962,-0.1461,Healthy,2.1357,7.325,Healthy,2.8319001,7.4711,7.9898
MID_0118,0.9106,11.5288,Healthy,-2.811,7.7304,Healthy,-3.7216,-3.7984,5.3177
MID_0119,1.2553,-5.7428,Risky,-3.967,8.1933,Healthy,-5.2223,13.9361,14.8824
MID_0120,1.2761,12.283,Healthy,-2.5153,6.3278,Healthy,-3.7914,-5.9552,7.0597
MID_0121,1.1914,12.6988,Healthy,4.4733,12.0563,Healthy,3.2819,-0.6424999,3.3442
MID_0122,4.1503,13.0251,Healthy,-2.3214,5.8455,Healthy,-6.4716997,-7.1796,9.6659
MID_0123,1.0239,8.8117,Healthy,2.9991,7.2805,Healthy,1.9751999,-1.5311999,2.4992
MID_0124,2.7388,10.3368,Healthy,3.9136,9.8475,Healthy,1.1747999,-0.48929977,1.2726
MID_0125,1.7656,9.5842,Healthy,1.5237,7.621,Healthy,-0.24189997,-1.9632001,1.978
MID_0126,-2.1996,-2.2341,Healthy,3.4462,8.5982,Healthy,5.6457996,10.8323,12.2153
MID_0127,-6.948,10.8648,Healthy,2.9982,7.38,Healthy,9.946199,-3.4848003,10.539
MID_0128,0.6344,11.0326,Healthy,-2.9996,6.9894,Healthy,-3.6339998,-4.0432005,5.4363
MID_0129,-2.4621,-2.3917,Healthy,-3.1469,6.702,Healthy,-0.6847999,9.0937,9.1194
MID_0130,4.1861,13.0686,Healthy,4.6475,12.3813,Healthy,0.46140003,-0.6872997,0.8278
MID_0131,-0.7074,-0.1743,Healthy,-3.9522,7.7549,Healthy,-3.2447999,7.9292,8.5674
MID_0132,1.6949,-5.8961,Risky,-3.9393,8.282,Healthy,-5.6342,14.1781,15.2566
MID_0133,2.5825,10.2475,Healthy,2.4827,8.9332,Healthy,-0.09979987,-1.3143005,1.3181
MID_0134,1.0413,-5.612,Risky,-3.1461,8.1671,Healthy,-4.1874,13.7791,14.4013
MID_0135,1.1001,11.4461,Healthy,-2.3361,5.8192,Healthy,-3.4362001,-5.6269,6.5931
MID_0136,1.0761,9.8469,Healthy,2.3398,8.5908,Healthy,1.2636999,-1.2560997,1.7818
MID_0137,1.149,-5.7316,Risky,6.9935,0.6059,Risky,5.8445,6.3374996,8.621
MID_0138,1.5976,9.1837,Healthy,4.2589,10.5223,Healthy,2.6613002,1.3386002,2.979
MID_0139,0.7219,11.0065,Healthy,3.628,10.3817,Healthy,2.9061,-0.6248007,2.9725
MID_0140,-6.2853,11.1143,Healthy,-4.1052,8.2779,Healthy,2.1801,-2.8364,3.5774
MID_0141,1.8179,-6.0184,Risky,-3.9823,7.8281,Healthy,-5.8002,13.8465,15.0123
MID_0142,1.8945,10.4857,Healthy,3.5251,10.587,Healthy,1.6306,0.10130024,1.6337
MID_0143,4.0365,12.2282,Healthy,-2.2683,5.8141,Healthy,-6.3048,-6.4141,8.994
MID_0144,2.1003,-6.13,Risky,7.1468,0.3389,Risky,5.0465,6.4689,8.2045
MID_0145,-1.4088,-2.8791,Healthy,-2.7184,7.537,Healthy,-1.3096,10.4161005,10.4981
MID_0146,0.6509,11.0417,Healthy,2.8524,9.2433,Healthy,2.2015,-1.7983999,2.8427
MID_0147,-0.7152,-0.2193,Healthy,7.0702,0.2632,Risky,7.7854,0.48250002,7.8003
MID_0148,0.6516,10.456,Healthy,1.5478,7.4577,Healthy,0.89619994,-2.9983006,3.1294
MID_0149,-1.0843,-1.0683,Healthy,6.0935,0.5936,Risky,7.1778,1.6619,7.3677
MID_0150,1.9196,-6.0854,Risky,-7.6458,9.9354,Healthy,-9.5654,16.0208,18.6591
MID_0151,-7.1779,10.6798,Healthy,-8.0985,10.7156,Healthy,-0.9206004,0.03579998,0.9213
MID_0152,-5.5995,11.3297,Healthy,-8.0704,10.7452,Healthy,-2.4709,-0.5845003,2.5391
MID_0153,0.5465,10.7842,Healthy,-7.6641,11.071,Healthy,-8.2106,0.28680038,8.2156
MID_0154,0.9551,12.6672,Healthy,4.6884,13.6239,Healthy,3.7332997,0.9567003,3.8539
MID_0155,2.091,-6.1297,Risky,6.9684,0.5653,Risky,4.8774,6.695,8.2832
MID_0156,4.1587,13.0526,Healthy,6.0196,13.2525,Healthy,1.8608999,0.19989967,1.8716
MID_0157,1.3205,-5.7453,Risky,-8.0937,10.6881,Healthy,-9.414201,16.4334,18.939
MID_0158,1.0539,10.1669,Healthy,-7.4928,11.1307,Healthy,-8.5467005,0.96380043,8.6009
MID_0159,1.6306,9.1825,Healthy,-7.9202,10.9407,Healthy,-9.5508,1.7581997,9.7113
MID_0160,0.6897,10.9515,Healthy,4.3832,8.1156,Healthy,3.6935,-2.8359003,4.6566
MID_0161,-1.3959,-2.8932,Healthy,-3.0047,8.1431,Healthy,-1.6087999,11.0363,11.1529
MID_0162,1.1707,11.3125,Healthy,4.3294,8.3036,Healthy,3.1587,-3.0088997,4.3624
MID_0163,-5.5687,11.3403,Healthy,-8.0997,10.7755,Healthy,-2.5310001,-0.5647993,2.5933
MID_0164,4.1916,13.0275,Healthy,6.0405,13.4039,Healthy,1.8489003,0.3764,1.8868
MID_0165,1.451,12.3902,Healthy,-2.4387,6.0707,Healthy,-3.8897,-6.3194995,7.4206
MID_0166,-7.1191,10.7861,Healthy,-8.1308,10.7189,Healthy,-1.0117002,-0.06720066,1.0139
MID_0167,0.6484,11.1263,Healthy,4.301,8.2232,Healthy,3.6526,-2.9031,4.6658
MID_0168,1.8339,10.0731,Healthy,4.109,8.1903,Healthy,2.2751002,-1.8828001,2.9531
MID_0169,2.5526,10.253,Healthy,-7.4419,11.1044,Healthy,-9.994499,0.8513994,10.0307
MID_0170,0.6932,11.0149,Healthy,4.3446,7.9082,Healthy,3.6514,-3.1067004,4.7942
MID_0171,0.6036,10.8124,Healthy,1.4243,7.0075,Healthy,0.82069993,-3.8048997,3.8924
MID_0172,2.0947,-6.1354,Risky,-8.102,10.6874,Healthy,-10.1967,16.8228,19.6718
MID_0173,-1.0569,-3.0857,Risky,4.1698,8.215,Healthy,5.2267,11.3007,12.4509
MID_0174,0.5146,10.7278,Healthy,1.1661,7.8227,Healthy,0.65150005,-2.9051003,2.9773
MID_0175,-2.7241,-2.5192,Healthy,4.2317,8.293,Healthy,6.9558,10.812201,12.8564
MID_0176,-5.7,11.3004,Healthy,-8.1253,10.7066,Healthy,-2.4253006,-0.5937996,2.4969
MID_0177,0.4591,10.7762,Healthy,7.0005,0.5455,Risky,6.5414,-10.2307005,12.1432
MID_0178,1.821,10.084,Healthy,4.1708,8.2597,Healthy,2.3498,-1.8242998,2.9748
MID_0179,1.1026,12.7572,Healthy,-2.4001,6.3089,Healthy,-3.5026999,-6.4483004,7.3382
MID_0180,2.7193,10.3125,Healthy,4.9078,8.5632,Healthy,2.1885002,-1.7493,2.8017
MID_0181,3.671,11.9553,Healthy,4.5982,13.6622,Healthy,0.92719984,1.7068996,1.9425
MID_0182,1.2034,12.7193,Healthy,6.0377,13.2947,Healthy,4.8343,0.5753994,4.8684
MID_0183,-5.7097,11.2732,Healthy,-8.0746,10.7134,Healthy,-2.3649,-0.55980015,2.4303
MID_0184,1.0986,-5.6859,Risky,-0.4146,0.1196,Healthy,-1.5132,5.8055,5.9995
MID_0185,1.2494,9.2077,Healthy,-8.0845,10.8594,Healthy,-9.3339,1.6517,9.4789
MID_0186,-1.0932,-1.3928,Healthy,-8.2349,10.7434,Healthy,-7.1417007,12.1362,14.0816
MID_0187,0.8504,8.7751,Healthy,1.2169,6.7815,Healthy,0.36650002,-1.9935999,2.027
MID_0188,0.9383,12.6577,Healthy,4.7076,13.6337,Healthy,3.7693,0.9760008,3.8936
MID_0189,-7.2014,10.6222,Healthy,-8.1154,10.6956,Healthy,-0.9140005,0.073399544,0.9169
MID_0190,-7.1752,10.7034,Healthy,-8.2231,10.7198,Healthy,-1.0478997,0.016400337,1.048
MID_0191,1.5892,-5.7957,Risky,-8.2448,10.6336,Healthy,-9.834,16.4293,19.1476
MID_0192,-1.0235,-3.0965,Risky,4.9572,8.5747,Healthy,5.9807,11.6712,13.1143
MID_0193,-5.5579,11.3569,Healthy,-8.1116,10.629,Healthy,-2.5537,-0.7279005,2.6554
MID_0194,1.818,10.1073,Healthy,4.4196,8.4959,Healthy,2.6016002,-1.6113997,3.0602
MID_0195,1.6377,-5.8206,Risky,7.0022,0.5406,Risky,5.3645,6.3612,8.3212
MID_0196,1.5815,9.5934,Healthy,4.0389,8.1961,Healthy,2.4573998,-1.3972998,2.8269
MID_0197,-1.4418,-1.8958,Healthy,1.4713,6.9802,Healthy,2.9131,8.875999,9.3418
MID_0198,0.8396,11.6259,Healthy,4.9511,8.6034,Healthy,4.1115,-3.0225,5.1029
MID_0199,-0.7318,-1.2044,Healthy,-4.9062,0.6127,Healthy,-4.1744,1.8170999,4.5527
MID_0200,-7.1854,10.737,Healthy,-8.094,10.6942,Healthy,-0.90859985,-0.042800903,0.9096
MID_0201,1.5353,9.5263,Healthy,-7.4632,11.1434,Healthy,-8.9985,1.6170998,9.1426
MID_0202,-6.0043,11.2031,Healthy,2.2841,-6.1789,Risky,8.288401,-17.382,19.257
MID_0203,1.9862,-6.1112,Risky,-8.1702,10.6745,Healthy,-10.156401,16.7857,19.6192
MID_0204,1.8244,-5.9884,Risky,-0.3994,-0.0098,Healthy,-2.2238,5.9786,6.3788
MID_0205,-5.7023,11.301,Healthy,-8.2151,10.6899,Healthy,-2.5128002,-0.61109924,2.586
MID_0206,-0.6043,-0.6865,Healthy,2.2825,-6.179,Risky,2.8868,-5.4925,6.2049
MID_0207,1.7663,10.2831,Healthy,4.7563,8.5153,Healthy,2.99,-1.7678003,3.4735
MID_0208,-7.1423,10.754,Healthy,-8.0878,10.6856,Healthy,-0.9454999,-0.06839943,0.948
MID_0209,1.1345,11.4055,Healthy,4.9584,8.5881,Healthy,3.8238997,-2.8174,4.7497
MID_0210,0.9259,8.7959,Healthy,1.3039,6.2994,Healthy,0.37800002,-2.4965005,2.525
MID_0211,0.914,12.4004,Healthy,4.6219,13.6312,Healthy,3.7079,1.2307997,3.9068
MID_0212,1.2519,9.0351,Healthy,-8.0273,10.8418,Healthy,-9.2792,1.8066998,9.4534
MID_0213,1.1166,12.7557,Healthy,5.9355,13.2284,Healthy,4.8189,0.47270012,4.842
MID_0214,-6.7769,10.9941,Healthy,-8.0763,10.6653,Healthy,-1.2993999,-0.32879925,1.3404
MID_0215,0.6003,10.8388,Healthy,-7.4574,11.1343,Healthy,-8.0577,0.2954998,8.0631
MID_0216,-0.655,-0.9819,Healthy,1.2722,6.2714,Healthy,1.9272,7.2532997,7.505
MID_0217,-5.6419,11.3158,Healthy,-8.0919,10.7284,Healthy,-2.4499998,-0.5873995,2.5194
MID_0218,1.1308,11.3491,Healthy,4.8177,8.5191,Healthy,3.6869,-2.83,4.6478
MID_0219,0.6759,8.5655,Healthy,-8.2232,10.7192,Healthy,-8.899099,2.1536999,9.156
MID_0220,1.8112,10.3043,Healthy,4.4171,8.081,Healthy,2.6058998,-2.2233,3.4255
MID_0221,0.702,10.9104,Healthy,5.4055,-1.3405,Risky,4.7035,-12.2509,13.1228
MID_0222,-5.7078,11.2927,Healthy,-8.2609,10.7177,Healthy,-2.5530996,-0.5749998,2.617
MID_0223,2.1251,-6.1458,Risky,-8.2421,10.71,Healthy,-10.3672,16.8558,19.7888
MID_0224,-0.7963,-1.2935,Healthy,1.1422,6.8528,Healthy,1.9384999,8.146299,8.3738
MID_0225,2.0136,-6.1242,Risky,-8.2991,10.7077,Healthy,-10.3127,16.8319,19.7399
MID_0226,2.7363,10.3482,Healthy,4.9216,8.547,Healthy,2.1852999,-1.8011999,2.8319
MID_0227,-1.2468,-2.9953,Healthy,-7.8697,11.0171,Healthy,-6.6229,14.012401,15.4987
MID_0228,0.638,8.6091,Healthy,-8.144,10.7108,Healthy,-8.782,2.1016998,9.03
MID_0229,-0.7059,-1.2522,Healthy,-8.0839,10.7124,Healthy,-7.3780003,11.964601,14.0565
MID_0230,1.0477,-5.621,Risky,1.4071,6.9148,Healthy,0.3593999,12.5358,12.541
MID_0231,1.4902,-5.6545,Risky,-8.1534,10.639,Healthy,-9.6436,16.293499,18.9335
MID_0232,2.7681,10.3669,Healthy,-2.8082,7.6725,Healthy,-5.5762997,-2.6944003,6.1931
MID_0233,-0.8866,-0.3493,Healthy,-8.1113,10.6334,Healthy,-7.2247005,10.9827,13.146
MID_0234,0.8956,11.6677,Healthy,4.673,8.5531,Healthy,3.7773998,-3.1146002,4.8959
MID_0235,1.0757,9.0253,Healthy,-8.0305,10.7962,Healthy,-9.1062,1.7708998,9.2768
MID_0236,0.8709,11.6019,Healthy,5.0051,8.6588,Healthy,4.1341996,-2.9431,5.0748
MID_0237,-5.6493,11.3197,Healthy,-8.0957,10.6917,Healthy,-2.4464002,-0.62800026,2.5257
MID_0238,-0.5913,-0.6953,Healthy,-8.3754,10.7853,Healthy,-7.7840996,11.4806,13.8707
MID_0239,2.5746,10.3196,Healthy,-2.9118,8.2049,Healthy,-5.4863997,-2.1147003,5.8798
MID_0240,4.2503,13.0071,Healthy,6.0258,13.3081,Healthy,1.7755003,0.30099964,1.8008
MID_0241,3.8347,11.9111,Healthy,-2.4905,6.5419,Healthy,-6.3252,-5.3692,8.2968
MID_0242,1.1258,11.289,Healthy,4.8985,8.5459,Healthy,3.7726998,-2.7430992,4.6645
MID_0243,2.5928,10.2675,Healthy,-7.4534,11.1401,Healthy,-10.0462,0.8725996,10.084
MID_0244,-5.5182,11.3391,Healthy,-8.0985,10.8276,Healthy,-2.5803003,-0.51150036,2.6305
MID_0245,0.8455,11.6103,Healthy,4.8947,8.5514,Healthy,4.0492,-3.0588999,5.0747
MID_0246,-5.5985,11.3316,Healthy,-8.3123,10.7415,Healthy,-2.7138,-0.5901003,2.7772
MID_0247,-3.7239,-2.6923,Healthy,-2.7749,7.4169,Healthy,0.9490001,10.1092005,10.1536
MID_0248,2.0917,-6.1646,Risky,1.285,6.2049,Healthy,-0.8067001,12.369499,12.3958
MID_0249,1.1766,11.4113,Healthy,4.9412,8.5709,Healthy,3.7645998,-2.8403997,4.7159
MID_0250,1.1182,12.7577,Healthy,6.0472,13.4592,Healthy,4.9290004,0.70149994,4.9787
MID_0251,1.015,8.769,Healthy,-4.229,8.0784,Healthy,-5.244,-0.6906004,5.2893
MID_0252,1.2878,12.3612,Healthy,4.389,11.7464,Healthy,3.1012,-0.61480045,3.1616
MID_0253,-1.2923,-2.9528,Healthy,3.4604,6.8593,Healthy,4.7527,9.8121,10.9025
MID_0254,1.6384,-5.859,Risky,2.186,6.9176,Healthy,0.54760015,12.7766,12.7883
MID_0255,1.4547,9.5791,Healthy,8.9866,-4.0503,Risky,7.5319,-13.6294,15.5721
MID_0256,0.5876,8.5959,Healthy,7.0154,0.5493,Risky,6.4278,-8.046599,10.2988
MID_0257,-1.3092,-2.9528,Healthy,-3.593,8.4235,Healthy,-2.2838,11.3763,11.6033
MID_0258,1.2893,12.6899,Healthy,3.8175,12.7469,Healthy,2.5282001,0.056999207,2.5288
MID_0259,1.8282,-6.0007,Risky,6.4968,0.5631,Risky,4.6686,6.5638,8.0548
MID_0260,-6.0548,11.2301,Healthy,6.9915,0.7046,Risky,13.0463,-10.525499,16.7628
MID_0261,-0.6148,-1.0555,Healthy,-7.5076,10.0515,Healthy,-6.8928,11.107,13.072
MID_0262,1.0124,12.7069,Healthy,4.3447,12.0867,Healthy,3.3322997,-0.6201992,3.3895
MID_0263,0.9406,8.907,Healthy,6.9482,0.5809,Risky,6.0076003,-8.326099,10.2672
MID_0264,0.6459,11.121,Healthy,-3.2659,7.3767,Healthy,-3.9118,-3.7443004,5.415
MID_0265,1.1705,12.7912,Healthy,-2.3146,5.8661,Healthy,-3.4851,-6.9251,7.7526
MID_0266,-1.1592,-3.0451,Risky,-2.7518,7.6485,Healthy,-1.5926001,10.6936,10.8115
MID_0267,1.8202,10.038,Healthy,0.6338,11.0499,Healthy,-1.1863999,1.0119,1.5593
MID_0268,1.9835,-6.1215,Risky,-7.4438,10.0865,Healthy,-9.4272995,16.208,18.7503
MID_0269,0.6559,8.6182,Healthy,1.9546,7.2469,Healthy,1.2987,-1.3713002,1.8887
MID_0270,-1.11,-1.3482,Healthy,-3.9711,7.7904,Healthy,-2.8611002,9.1386,9.576
MID_0271,0.9895,12.6961,Healthy,4.2013,12.6312,Healthy,3.2118,-0.0649004,3.2125
MID_0272,-0.7995,-0.3117,Healthy,7.0554,0.6005,Risky,7.8549,0.9122,7.9077
MID_0273,1.2195,11.2069,Healthy,3.1033,9.43,Healthy,1.8838001,-1.7768993,2.5896
MID_0274,3.6685,11.8236,Healthy,4.3648,11.3598,Healthy,0.6963,-0.46379948,0.8366
MID_0275,-6.5232,11.1358,Healthy,6.2136,0.5498,Risky,12.7368,-10.586,16.5617
MID_0276,2.0747,-6.126,Risky,-7.654,10.2482,Healthy,-9.7287,16.3742,19.0463
MID_0277,-0.6046,-0.7003,Healthy,-4.1257,8.1589,Healthy,-3.5211,8.8592005,9.5333
MID_0278,-6.522,11.1018,Healthy,6.5809,0.5844,Risky,13.1029,-10.5174,16.8018
MID_0279,0.606,10.8671,Healthy,-3.0422,7.789,Healthy,-3.6482,-3.0780997,4.7733
MID_0280,-6.9007,10.8995,Healthy,7.0295,0.5373,Risky,13.930201,-10.3622,17.3616
MID_0281,0.8447,8.7544,Healthy,-4.1242,8.0547,Healthy,-4.9688997,-0.69970036,5.0179
MID_0282,-5.7233,11.2945,Healthy,2.0127,7.1211,Healthy,7.736,-4.1734004,8.7899
MID_0283,1.8052,10.3571,Healthy,3.3501,9.2956,Healthy,1.5449001,-1.0614996,1.8744
MID_0284,1.7974,10.0478,Healthy,-3.0458,8.0497,Healthy,-4.8431997,-1.9981003,5.2392
MID_0285,-6.0951,11.162,Healthy,-8.0277,8.5778,Healthy,-1.9326005,-2.5842,3.2269
MID_0286,-1.1722,-3.0401,Risky,6.6377,0.6389,Risky,7.8099003,3.6790001,8.6331
MID_0287,1.3426,12.8735,Healthy,3.7726,12.82,Healthy,2.4299998,-0.053500175,2.4306
MID_0288,1.535,9.764,Healthy,3.5521,9.1838,Healthy,2.0170999,-0.5802002,2.0989
MID_0289,1.1072,9.9481,Healthy,-3.0585,8.0655,Healthy,-4.1657,-1.8825998,4.5713
MID_0290,-2.1773,-2.3725,Healthy,-3.0549,8.1184,Healthy,-0.87759995,10.4909,10.5275
MID_0291,0.5857,10.8194,Healthy,-3.116,8.0523,Healthy,-3.7017,-2.7670994,4.6216
MID_0292,1.2869,-5.7421,Risky,12.4967,2.4581,Risky,11.209801,8.2002,13.889
MID_0293,-1.4872,-1.918,Healthy,-3.3627,7.476,Healthy,-1.8755,9.394,9.5794
MID_0294,0.6354,8.6115,Healthy,2.6017,7.5449,Healthy,1.9663,-1.0665998,2.237
MID_0295,0.6228,10.9991,Healthy,3.7747,9.711,Healthy,3.1518998,-1.2880993,3.4049
MID_0296,-0.813,-1.3033,Healthy,-3.5268,7.725,Healthy,-2.7138,9.0283,9.4273
MID_0297,-2.2547,-2.3211,Healthy,-3.1335,7.8661,Healthy,-0.87880015,10.1872,10.225
MID_0298,-7.053,10.8211,Healthy,7.1539,0.2076,Risky,14.2069,-10.613501,17.7337
MID_0299,-0.7146,-0.5893,Healthy,-3.5011,8.3421,Healthy,-2.7865,8.9314,9.356
MID_0300,-0.736,-1.2664,Healthy,-3.6965,7.4511,Healthy,-2.9605,8.7175,9.2065
MID_0301,-2.254,-2.2478,Healthy,3.2875,8.4974,Healthy,5.5415,10.7452,12.09
MID_0302,-5.7844,11.2717,Healthy,-3.6394,8.1324,Healthy,2.145,-3.1393003,3.8021
MID_0303,0.9802,12.6891,Healthy,3.8096,12.7676,Healthy,2.8294,0.078499794,2.8305
MID_0304,1.8229,10.105,Healthy,2.8899,9.141,Healthy,1.0669999,-0.96399975,1.438
MID_0305,1.8023,10.4452,Healthy,-3.0331,7.7803,Healthy,-4.8353996,-2.6648998,5.5211
MID_0306,1.0052,11.8455,Healthy,3.8388,9.7565,Healthy,2.8336,-2.0889997,3.5204
MID_0307,1.8516,-6.0548,Risky,-7.638,10.0674,Healthy,-9.4896,16.1222,18.7077
MID_0308,-0.6968,-0.5186,Healthy,1.2375,7.5498,Healthy,1.9343,8.068399,8.297
MID_0309,0.9815,8.803,Healthy,2.5963,6.8222,Healthy,1.6147999,-1.9808006,2.5556
MID_0310,1.0749,9.7259,Healthy,-3.2336,7.5695,Healthy,-4.3085,-2.1563997,4.818
MID_0311,1.3261,9.5938,Healthy,-3.0225,7.8122,Healthy,-4.3486,-1.7815995,4.6994
MID_0312,-0.75,-1.2529,Healthy,-3.0561,8.1423,Healthy,-2.3061,9.3952,9.6741
MID_0313,1.6165,9.4632,Healthy,-3.0093,7.8522,Healthy,-4.6258,-1.6109996,4.8983
MID_0314,1.5426,11.4092,Healthy,-2.6145,7.0979,Healthy,-4.1571,-4.3113,5.9891
MID_0315,1.4186,12.4693,Healthy,-2.1841,5.7581,Healthy,-3.6026998,-6.7112,7.6171
MID_0316,0.6365,11.0248,Healthy,-3.182,7.6903,Healthy,-3.8185,-3.3345003,5.0695
MID_0317,1.6023,-5.827,Risky,15.2868,4.1599,Risky,13.684501,9.9869,16.9412
MID_0318,1.0751,8.762,Healthy,-4.038,8.2586,Healthy,-5.1131,-0.50339985,5.1378
MID_0319,1.0694,11.6889,Healthy,-2.6451,6.5308,Healthy,-3.7145,-5.1581,6.3564
MID_0320,-0.7362,-1.2677,Healthy,7.0756,0.5611,Risky,7.8118,1.8288,8.023
MID_0321,1.3202,12.3719,Healthy,4.3967,11.6869,Healthy,3.0765,-0.68499947,3.1518
MID_0322,1.5822,9.1411,Healthy,-3.3017,7.5078,Healthy,-4.8839,-1.6332998,5.1498
MID_0323,-1.428,-1.9025,Healthy,-3.2477,7.5769,Healthy,-1.8197,9.4794,9.6525
MID_0324,1.1945,9.0599,Healthy,2.2904,7.6926,Healthy,1.0959,-1.3673005,1.7523
MID_0325,0.8156,11.4738,Healthy,-2.8201,6.7869,Healthy,-3.6357,-4.6868997,5.9317
MID_0326,1.1482,9.924,Healthy,-3.1492,7.9005,Healthy,-4.2974,-2.0235,4.75
MID_0327,0.9262,8.8871,Healthy,2.854,8.0338,Healthy,1.9278002,-0.8533001,2.1082
MID_0328,1.3972,-5.7712,Risky,-4.9631,0.6456,Healthy,-6.3603,6.4168,9.0349
MID_0329,-6.1001,11.1839,Healthy,6.9047,0.5653,Risky,13.0048,-10.6186,16.7893
MID_0330,-2.7168,-2.4501,Healthy,-2.7044,7.5878,Healthy,0.012399912,10.0379,10.0379
MID_0331,0.918,12.3698,Healthy,-2.5416,6.2025,Healthy,-3.4596,-6.1672997,7.0714
MID_0332,1.0649,12.7345,Healthy,-2.3276,5.7944,Healthy,-3.3925,-6.9400997,7.7249
MID_0333,1.092,-5.6821,Risky,1.8701,8.1838,Healthy,0.7781,13.8659,13.8877
MID_0334,-2.9979,-2.4868,Healthy,3.2206,9.3555,Healthy,6.2185,11.8423,13.3757
MID_0335,0.9553,8.9268,Healthy,1.9812,7.4457,Healthy,1.0259,-1.4810996,1.8017
MID_0336,-6.1089,11.1472,Healthy,7.0413,0.505,Risky,13.1502,-10.6421995,16.917
MID_0337,-5.9434,11.2334,Healthy,-3.5032,7.6931,Healthy,2.4401999,-3.5403004,4.2998
MID_0338,-5.613,11.333,Healthy,-7.564,10.0809,Healthy,-1.9510002,-1.2521,2.3182
MID_0339,-1.4431,-1.8945,Healthy,-3.3607,7.3384,Healthy,-1.9175999,9.2329,9.4299
MID_0340,-0.6525,-0.706,Healthy,7.0605,0.5255,Risky,7.7130003,1.2314999,7.8107
MID_0341,2.7673,10.411,Healthy,-2.7431,7.5509,Healthy,-5.5104,-2.8601003,6.2084
MID_0342,-4.6242,-2.9411,Healthy,-2.5744,6.5568,Healthy,2.0498,9.4979,9.7166
MID_0343,-2.8109,-2.5494,Healthy,-3.0735,7.7658,Healthy,-0.26259995,10.3152,10.3185
MID_0344,-0.6205,-0.6025,Healthy,12.4987,2.4579,Risky,13.1192,3.0604,13.4714
MID_0345,1.0476,-5.6127,Risky,2.0487,7.8055,Healthy,1.0011001,13.4182,13.4555
MID_0346,-5.585,11.337,Healthy,-3.4519,7.4022,Healthy,2.1331,-3.9347997,4.4758
MID_0347,-1.4108,-1.8643,Healthy,-3.3448,7.4974,Healthy,-1.934,9.3617,9.5594
MID_0348,0.5687,10.8253,Healthy,2.9786,8.108,Healthy,2.4099,-2.7173004,3.632
MID_0349,1.3108,12.8967,Healthy,-1.6686,5.3266,Healthy,-2.9794,-7.5701,8.1353
MID_0350,-1.4499,-1.9073,Healthy,1.5833,7.6121,Healthy,3.0332,9.5194,9.991
MID_0351,0.6281,8.6999,Healthy,9.5296,2.7162,Risky,8.9015,-5.9837,10.7257
MID_0352,0.7569,8.9143,Healthy,9.509,2.6535,Risky,8.7521,-6.2608,10.7609
MID_0353,1.6573,10.0812,Healthy,-1.4733,-7.5414,Risky,-3.1306,-17.6226,17.8985
MID_0354,1.4137,12.4627,Healthy,-10.8926,0.7504,Healthy,-12.3063,-11.7123,16.9889
MID_0355,-3.7107,-2.3595,Healthy,10.1003,3.0528,Risky,13.811,5.4123,14.8336
MID_0356,-1.3314,-0.8239,Healthy,10.9502,-1.5204,Risky,12.2816,-0.69650006,12.3013
MID_0357,0.9194,9.4241,Healthy,-2.1368,-6.6844,Risky,-3.0562,-16.1085,16.3959
MID_0358,0.9687,9.4645,Healthy,-1.5484,-7.4684,Risky,-2.5171,-16.9329,17.119
MID_0359,1.0714,-5.6113,Risky,-1.5616,-7.4528,Risky,-2.633,-1.8414998,3.2131
MID_0360,-1.223,-0.9857,Healthy,15.1194,4.2469,Risky,16.3424,5.2326,17.1597
MID_0361,1.2478,11.3235,Healthy,-1.4726,-7.5396,Risky,-2.7203999,-18.8631,19.0583
MID_0362,0.9288,9.3941,Healthy,-2.1358,-6.6874,Risky,-3.0646,-16.081501,16.3709
MID_0363,-2.6651,-1.9753,Healthy,-1.5454,-7.4765,Risky,1.1197001,-5.5012,5.614
MID_0364,0.7004,8.8491,Healthy,9.4183,2.6805,Risky,8.717899,-6.1686,10.6796
MID_0365,1.3824,12.7021,Healthy,14.9307,4.0902,Risky,13.5483,-8.6119,16.0537
MID_0366,-2.7639,-2.0819,Healthy,-1.5574,-7.4573,Risky,1.2065,-5.3754005,5.5091
MID_0367,1.2506,-5.7525,Risky,9.1864,2.767,Risky,7.9358006,8.5195,11.643
MID_0368,0.954,9.4716,Healthy,-1.9369,-6.9513,Risky,-2.8909001,-16.4229,16.6754
MID_0369,1.1933,9.7844,Healthy,10.0162,2.9798,Risky,8.8229,-6.8046,11.1421
MID_0370,0.8529,9.2762,Healthy,9.5211,2.6826,Risky,8.6682,-6.5936003,10.891
MID_0371,0.885,9.2933,Healthy,8.1007,-5.2298,Risky,7.2157,-14.5231,16.2169
MID_0372,3.3363,12.0887,Healthy,10.1,3.0856,Risky,6.7637005,-9.0031,11.2607
MID_0373,-2.5237,-1.8915,Healthy,-2.0268,-6.8417,Risky,0.49690008,-4.9502,4.9751
MID_0374,1.0807,9.2621,Healthy,9.7163,2.7366,Risky,8.6356,-6.5255003,10.8239
MID_0375,-0.696,-0.6591,Healthy,10.5134,-1.7398,Risky,11.2094,-1.0806999,11.2614
MID_0376,0.5059,8.6258,Healthy,-2.146,-6.63,Risky,-2.6518998,-15.2558,15.4846
MID_0377,1.2888,12.3551,Healthy,10.1693,3.1656,Risky,8.8805,-9.1895,12.7793
MID_0378,1.3705,9.5547,Healthy,-1.7744,-7.1445,Risky,-3.1448998,-16.6992,16.9928
MID_0379,-0.6461,-0.7575,Healthy,-2.1114,-6.5332,Risky,-1.4652998,-5.7756996,5.9587
MID_0380,3.2461,12.1506,Healthy,10.1738,3.182,Risky,6.9277005,-8.9686,11.3326
MID_0381,1.4274,12.006,Healthy,-2.2885,16.3573,Healthy,-3.7159,4.3513002,5.722
MID_0382,1.3316,9.4899,Healthy,9.7525,2.736,Risky,8.420899,-6.7538996,10.7948
MID_0383,1.605,-5.7824,Risky,0.5315,-5.5243,Risky,-1.0735,0.25810003,1.1041
MID_0384,1.3087,9.5151,Healthy,9.7889,2.8171,Risky,8.480201,-6.6979995,10.8063
MID_0385,-2.6343,-1.9184,Healthy,-1.8502,-7.0567,Risky,0.78409994,-5.1383,5.1978
MID_0386,-1.5076,-1.0727,Healthy,10.3898,-1.8398,Risky,11.8974,-0.7671,11.9221
MID_0387,1.2038,11.8396,Healthy,-2.3007,16.345,Healthy,-3.5045,4.5053997,5.7079
MID_0388,0.9942,9.1519,Healthy,9.6871,2.7568,Risky,8.692901,-6.3951006,10.7918
MID_0389,-0.9118,-0.3329,Healthy,9.2731,2.7126,Risky,10.1849,3.0455,10.6305
MID_0390,1.1106,-5.7124,Risky,15.1459,4.25,Risky,14.035299,9.9624,17.2116
MID_0391,0.8095,9.1808,Healthy,-4.7592,15.366,Healthy,-5.5687,6.1851997,8.3227
MID_0392,0.5022,8.618,Healthy,9.5523,2.6841,Risky,9.0501,-5.9339,10.822
MID_0393,1.752,12.6088,Healthy,-2.2097,16.4344,Healthy,-3.9617,3.8256006,5.5073
MID_0394,0.7872,9.0282,Healthy,12.3974,2.5472,Risky,11.6102,-6.481,13.2966
MID_0395,-2.338,-1.6323,Healthy,-1.9275,-6.9622,Risky,0.41050005,-5.3299003,5.3457
MID_0396,0.5177,8.6397,Healthy,9.4896,2.6518,Risky,8.9719,-5.9879,10.7866
MID_0397,2.4788,10.6002,Healthy,-1.5318,-7.4805,Risky,-4.0106,-18.0807,18.5202
MID_0398,0.9445,9.1761,Healthy,8.7475,-4.2978,Risky,7.8030005,-13.4739,15.5703
MID_0399,1.3092,9.4778,Healthy,-2.1457,-6.6637,Risky,-3.4549,-16.1415,16.5071
MID_0400,3.1021,12.2171,Healthy,10.2116,3.2002,Risky,7.1095004,-9.0169,11.4826
MID_0401,1.8032,-5.9826,Risky,9.3016,2.7377,Risky,7.4984007,8.720301,11.5009
MID_0402,-2.7947,-2.153,Healthy,8.0959,-5.2346,Risky,10.890599,-3.0816,11.3182
MID_0403,1.0039,11.1465,Healthy,10.1162,3.0583,Risky,9.112301,-8.0882,12.1841
MID_0404,-1.242,-1.0749,Healthy,-1.8256,-7.0827,Risky,-0.58360004,-6.0077996,6.0361
MID_0405,-1.7075,-1.1403,Healthy,8.9679,-4.08,Risky,10.6754,-2.9397,11.0728
MID_0406,0.5482,8.6531,Healthy,-4.7585,15.3686,Healthy,-5.3067,6.7155,8.5591
MID_0407,0.4605,10.7455,Healthy,9.8656,2.8484,Risky,9.4051,-7.8970995,12.2809
MID_0408,1.362,9.5497,Healthy,10.0314,2.9928,Risky,8.669399,-6.5569,10.8697
MID_0409,1.3335,12.8535,Healthy,-2.2145,16.4301,Healthy,-3.5479999,3.5765991,5.0379
MID_0410,1.4097,9.5973,Healthy,8.095,-5.2344,Risky,6.6853004,-14.831699,16.2688
MID_0411,0.9492,11.1052,Healthy,14.9554,4.1512,Risky,14.006201,-6.954,15.6375
MID_0412,1.1898,11.2835,Healthy,14.926,4.1267,Risky,13.736199,-7.1568,15.4888
MID_0413,-3.2944,-2.6227,Healthy,10.0052,2.982,Risky,13.299601,5.6047,14.4323
MID_0414,0.9291,9.1805,Healthy,9.6199,2.6796,Risky,8.6908,-6.5009003,10.8532
MID_0415,1.3289,11.8267,Healthy,10.1169,3.1048,Risky,8.788,-8.7219,12.3815
MID_0416,1.4726,11.4577,Healthy,-1.4707,-7.5466,Risky,-2.9433,-19.0043,19.2309
MID_0417,0.8445,9.2448,Healthy,10.3927,-1.8392,Risky,9.548201,-11.084,14.6295
MID_0418,1.184,11.2889,Healthy,10.054,2.993,Risky,8.87,-8.2959,12.1449
MID_0419,1.3134,9.5154,Healthy,-2.1042,-6.7409,Risky,-3.4176,-16.2563,16.6117
MID_0420,-2.819,-2.0435,Healthy,-2.146,-6.6655,Risky,0.6730001,-4.622,4.6707
MID_0421,0.9302,9.3673,Healthy,-2.0699,-6.7874,Risky,-3.0001001,-16.1547,16.4309
MID_0422,1.4563,11.4289,Healthy,14.9567,4.1382,Risky,13.500401,-7.2907,15.3432
MID_0423,0.5228,8.6461,Healthy,8.9097,-4.139,Risky,8.3869,-12.7851,15.2905
MID_0424,1.1701,11.2635,Healthy,-1.6179,-7.3659,Risky,-2.788,-18.6294,18.8369
MID_0425,0.5319,8.6583,Healthy,9.4661,2.6589,Risky,8.934199,-5.9994,10.7616
MID_0426,1.6407,10.0114,Healthy,10.0325,3.0151,Risky,8.3918,-6.9963,10.9257
MID_0427,1.3556,12.8864,Healthy,-2.0765,16.5686,Healthy,-3.4320998,3.6821995,5.0337
MID_0428,1.1979,11.2934,Healthy,14.9539,4.1329,Risky,13.7560005,-7.1604996,15.5081
MID_0429,0.8275,8.8874,Healthy,9.3387,2.7213,Risky,8.5112,-6.1660995,10.5101
MID_0430,1.2663,11.8885,Healthy,10.0894,3.0628,Risky,8.8231,-8.825701,12.4796
MID_0431,-6.1911,11.0891,Healthy,12.4456,2.4583,Risky,18.6367,-8.6308,20.5382
MID_0432,4.3334,12.5574,Healthy,10.2281,3.2226,Risky,5.8947,-9.3348,11.0402
MID_0433,-1.92,-1.0013,Healthy,0.5339,-5.5264,Risky,2.4538999,-4.5251,5.1476
MID_0434,1.5834,9.7355,Healthy,-1.923,-6.9695,Risky,-3.5064,-16.705,17.069
MID_0435,0.937,9.4422,Healthy,-2.0389,-6.8265,Risky,-2.9759,-16.2687,16.5386
MID_0436,1.354,12.8768,Healthy,-2.1021,16.5437,Healthy,-3.4561,3.6668997,5.0389
MID_0437,-3.5328,-2.6721,Healthy,-2.2767,16.3693,Healthy,1.2560999,19.0414,19.0828
MID_0438,3.3812,12.9929,Healthy,10.2406,3.2237,Risky,6.8594,-9.769199,11.9369
MID_0439,1.3762,9.5918,Healthy,9.916,2.8713,Risky,8.539801,-6.7205,10.8671
MID_0440,4.2965,12.5831,Healthy,-2.1142,16.5317,Healthy,-6.4107003,3.9485998,7.5292
MID_0441,0.5042,10.7789,Healthy,-1.4797,-7.5373,Risky,-1.9839,-18.3162,18.4233
MID_0442,1.5375,12.5939,Healthy,-2.2654,16.3804,Healthy,-3.8028998,3.7865,5.3665
MID_0443,0.8348,9.2523,Healthy,12.1273,2.4491,Risky,11.2925005,-6.8032002,13.1835
MID_0444,-1.1782,-1.0786,Healthy,9.5485,2.741,Risky,10.7267,3.8196,11.3865
MID_0445,0.8533,9.2278,Healthy,8.8264,-4.2245,Risky,7.9730997,-13.452301,15.6376
MID_0446,-1.6724,-1.136,Healthy,-4.6856,15.4475,Healthy,-3.0131998,16.5835,16.855
MID_0447,0.5072,8.6218,Healthy,10.9508,-1.5194,Risky,10.4436,-10.1412,14.5572
MID_0448,1.3781,9.9071,Healthy,-8.416,-3.152,Healthy,-9.794101,-13.059099,16.3237
MID_0449,1.7263,-5.8486,Risky,9.5467,2.5951,Risky,7.8203993,8.4437,11.5089
MID_0450,1.2586,11.8837,Healthy,10.1418,3.1266,Risky,8.8832,-8.7571,12.4739
MID_0451,2.6857,12.3772,Healthy,4.5262,-9.2187,Risky,1.8404999,-21.595901,21.6742
MID_0452,2.7411,12.3654,Healthy,-7.7761,-7.3365,Healthy,-10.5172,-19.7019,22.3333
MID_0453,-3.6004,-2.7188,Healthy,-10.9687,-2.7053,Healthy,-7.3683004,0.013499975,7.3683
MID_0454,-2.8812,-2.1369,Healthy,-14.3124,4.5054,Healthy,-11.4312,6.6423,13.2209
MID_0455,-4.7231,-2.9277,Healthy,-3.76,17.8492,Healthy,0.9631002,20.7769,20.7992
MID_0456,-5.4443,-3.0763,Healthy,9.8493,15.7978,Healthy,15.2936,18.8741,24.2925
MID_0457,-3.1102,-2.397,Healthy,15.8846,10.6387,Risky,18.9948,13.0357,23.0376
MID_0458,-4.7899,-2.9196,Healthy,9.8581,15.8093,Healthy,14.648,18.7289,23.7768
MID_0459,-1.8677,-1.1508,Healthy,1.569,-9.2776,Risky,3.4366999,-8.126801,8.8236
MID_0460,-2.9051,-2.1589,Healthy,-14.4954,4.8136,Healthy,-11.590301,6.9725,13.5259
MID_0461,-2.1879,-1.5002,Healthy,9.8884,12.2582,Healthy,12.0763,13.7584,18.3066
MID_0462,-0.8652,-0.9197,Healthy,2.0457,17.0978,Healthy,2.9109,18.0175,18.2511
MID_0463,-1.702,-1.1419,Healthy,1.5772,-9.2685,Risky,3.2792,-8.1266,8.7633
MID_0464,-1.1893,-1.0136,Healthy,13.3278,11.4274,Risky,14.517099,12.441,19.1187
MID_0465,-3.2367,-2.6629,Healthy,-0.5737,18.5485,Healthy,2.663,21.2114,21.3779
MID_0466,-1.104,-1.0078,Healthy,1.5855,-9.2621,Risky,2.6894999,-8.2543,8.6814
MID_0467,-4.2451,-2.8331,Healthy,-7.2855,-7.2517,Healthy,-3.0404,-4.4186,5.3636
MID_0468,2.6977,12.3826,Healthy,4.5463,-9.2051,Risky,1.8485999,-21.5877,21.6667
MID_0469,-0.9893,-0.9091,Healthy,2.0454,17.0979,Healthy,3.0347,18.007,18.2609
MID_0470,-2.8686,-2.15,Healthy,-14.3127,4.5052,Healthy,-11.4441,6.6552,13.2385
MID_0471,-4.8087,-2.9289,Healthy,4.8191,-9.0487,Risky,9.6278,-6.1198006,11.4082
MID_0472,1.3006,-5.09,Risky,2.5357,16.8855,Healthy,1.2351,21.9755,22.0102
MID_0473,-1.2308,-1.1422,Healthy,9.8803,12.2568,Healthy,11.111099,13.399,17.4066
MID_0474,-1.1656,-1.1376,Healthy,1.4133,-8.5499,Risky,2.5788999,-7.4123,7.8481
MID_0475,-0.2196,-3.4173,Risky,-10.7368,3.6819,Healthy,-10.5172,7.0992002,12.689
MID_0476,1.6071,12.9358,Healthy,9.9109,15.8665,Healthy,8.303801,2.9307003,8.8058
MID_0477,-1.7904,-1.1627,Healthy,1.4101,-8.5554,Risky,3.2005,-7.3926997,8.0558
MID_0478,-1.1634,-1.0059,Healthy,2.0472,17.0975,Healthy,3.2106,18.1034,18.3859
MID_0479,-3.3992,-2.6938,Healthy,-7.277,-7.2524,Healthy,-3.8778,-4.5586,5.9848
MID_0480,1.4051,-5.276,Risky,12.9645,-3.2668,Risky,11.559401,2.0092,11.7327
MID_0481,-3.2096,-2.6631,Healthy,15.8544,10.6086,Risky,19.064,13.2717,23.2287
MID_0482,-2.9139,-2.2164,Healthy,14.2338,7.8014,Risky,17.1477,10.0178,19.8595
MID_0483,-3.2747,-2.6227,Healthy,-0.5777,18.5481,Healthy,2.697,21.1708,21.3419
MID_0484,1.5922,12.9215,Healthy,9.6519,16.2197,Healthy,8.0597,3.2981997,8.7084
MID_0485,-1.8957,-1.1593,Healthy,1.5664,-9.3469,Risky,3.4621,-8.1876,8.8895
MID_0486,-3.0701,-2.231,Healthy,-14.4984,4.8159,Healthy,-11.4283,7.0469,13.4263
MID_0487,-1.0796,-0.9424,Healthy,13.328,11.4276,Risky,14.4076,12.37,18.9894
MID_0488,-3.3759,-2.6789,Healthy,-0.5826,18.5426,Healthy,2.7933002,21.2215,21.4045
MID_0489,1.4646,-5.5938,Risky,12.9647,-3.267,Risky,11.5001,2.3268,11.7331
MID_0490,-0.486,-3.3105,Risky,14.0446,9.2169,Risky,14.5306,12.5274,19.1853
MID_0491,-1.9299,-1.1854,Healthy,1.417,-8.5798,Risky,3.3469,-7.3943996,8.1166
MID_0492,-2.8956,-2.1754,Healthy,-10.7373,3.6805,Healthy,-7.8416996,5.8559,9.7869
MID_0493,-4.0479,-2.6386,Healthy,-0.5944,18.5289,Healthy,3.4535003,21.1675,21.4474
MID_0494,1.5929,12.92,Healthy,9.7043,16.1589,Healthy,8.1114,3.2388992,8.7341
MID_0495,-3.1743,-2.6248,Healthy,-14.3036,4.4915,Healthy,-11.1293,7.1162996,13.21
MID_0496,-4.4441,-2.8876,Healthy,-7.7766,-7.3369,Healthy,-3.3325,-4.4493003,5.5589
MID_0497,-1.2433,-1.0402,Healthy,1.4175,-8.5813,Risky,2.6608,-7.5410995,7.9968
MID_0498,-3.217,-2.6803,Healthy,-0.5728,18.5496,Healthy,2.6442,21.2299,21.3939
MID_0499,-1.3287,-1.0146,Healthy,1.5012,-9.2665,Risky,2.8298998,-8.251901,8.7237
MID_0500,-1.9048,-1.2468,Healthy,1.4131,-8.5501,Risky,3.3179002,-7.3033004,8.0216
