merchant_id,segment,survival_prob_now,survival_prob_4w,p_failure_4w,gmv_4w_avg,avg_chargeback_rate,revenue_at_risk,net_revenue_at_risk
MID_0001,healthy,0.5,0.5,0.5,198292.91999999998,0.004847916666666667,398508.46,390576.74
MID_0002,healthy,0.5,0.5,0.5,148201.48750000002,0.026428333333333335,304236.41,298308.35
MID_0003,healthy,0.5,0.5,0.5,66609.3575,0.008650416666666666,134371.11,131706.74
MID_0004,healthy,0.5,0.5,0.5,420747.46499999997,0.03686958333333334,872520.5,855690.6
MID_0005,healthy,0.5,0.5,0.5,145435.04750000002,0.021434166666666667,297104.65,291287.25
MID_0006,healthy,0.5,0.5,0.5,110161.23,0.0055916666666666675,221554.43,217147.98
MID_0007,healthy,0.5,0.5,0.5,278242.47750000004,0.017171666666666665,566040.73,554911.03
MID_0008,healthy,0.5,0.5,0.5,52590.53999999999,0.023162083333333333,107617.29,105513.67
MID_0009,healthy,0.5,0.5,0.5,289929.66500000004,0.03972041666666667,602891.58,591294.39
MID_0010,healthy,0.5,0.5,0.5,98928.22750000001,0.005952916666666666,199034.28,195077.15
MID_0011,healthy,0.5,0.5,0.5,95350.0475,0.02984125,196390.82,192576.82
MID_0012,healthy,0.5,0.5,0.5,110969.4825,0.0262575,227766.53,223327.75
MID_0013,healthy,0.5,0.5,0.5,420606.5,0.021257083333333333,859094.73,842270.47
MID_0014,healthy,0.5,0.5,0.5,124401.4425,0.010690833333333332,251462.8,246486.74
MID_0015,healthy,0.5,0.5,0.5,147140.015,0.028794166666666666,302753.58,296867.98
MID_0016,healthy,0.5,0.5,0.5,317744.26249999995,0.00390125,637967.72,625257.95
MID_0017,healthy,0.5,0.5,0.5,257017.88499999995,0.005635833333333333,516932.79,506652.07
MID_0018,healthy,0.5,0.5,0.5,104320.16500000001,0.008674166666666667,210450.11,206277.3
MID_0019,healthy,0.5,0.5,0.5,92400.61,0.0037712500000000003,185498.15,181802.13
MID_0020,healthy,0.5,0.5,0.5,206859.735,0.0170425,420770.28,412495.89
MID_0021,healthy,0.5,0.5,0.5,232283.445,0.008523333333333332,468526.55,459235.21
MID_0022,healthy,0.5,0.5,0.5,206418.50250000003,0.008014583333333334,416145.72,407888.98
MID_0023,healthy,0.5,0.5,0.5,276641.35,0.010927916666666667,559328.93,548263.28
MID_0024,healthy,0.5,0.5,0.5,261413.13,0.020570833333333333,533581.23,523124.7
MID_0025,healthy,0.5,0.5,0.5,97760.71,0.00886625,197254.96,193344.53
MID_0026,healthy,0.5,0.5,0.5,196751.5775,0.03990625,409206.39,401336.33
MID_0027,healthy,0.5,0.5,0.5,85297.4375,0.015149583333333334,173179.32,169767.42
MID_0028,healthy,0.5,0.5,0.5,160498.405,0.009822916666666667,324149.93,317729.99
MID_0029,healthy,0.5,0.5,0.5,146399.355,0.006382916666666666,294667.62,288811.65
MID_0030,healthy,0.5,0.5,0.5,167485.495,0.003859166666666667,336263.7,329564.28
MID_0031,healthy,0.5,0.5,0.5,94440.0075,0.020413333333333335,192735.69,188958.09
MID_0032,healthy,0.5,0.5,0.5,187311.225,0.0075633333333333325,377455.84,369963.39
MID_0033,healthy,0.5,0.5,0.5,371060.575,0.011335833333333331,750533.71,735691.29
MID_0034,healthy,0.5,0.5,0.5,363337.13,0.007709166666666666,732276.31,717742.82
MID_0035,healthy,0.5,0.5,0.5,115865.00749999999,0.008051250000000001,233595.73,228961.13
MID_0036,healthy,0.5,0.5,0.5,140505.6375,0.024888333333333332,288005.18,282384.95
MID_0037,healthy,0.5,0.5,0.5,398705.025,0.021173333333333332,814293.88,798345.68
MID_0038,healthy,0.5,0.5,0.5,200822.63,0.0054220833333333334,403823.01,395790.1
MID_0039,healthy,0.5,0.5,0.5,133741.4925,0.009414166666666666,270001.11,264651.45
MID_0040,healthy,0.5,0.5,0.5,288109.9875,0.020229583333333332,587876.67,576352.27
MID_0041,healthy,0.5,0.5,0.5,146570.745,0.005377916666666666,294717.98,288855.15
MID_0042,healthy,0.5,0.5,0.5,76193.07250000001,0.035235416666666665,157755.53,154707.81
MID_0043,healthy,0.5,0.5,0.5,150888.025,0.004155833333333333,303030.18,296994.66
MID_0044,healthy,0.5,0.5,0.5,289859.03500000003,0.03290333333333333,598792.73,587198.37
MID_0045,healthy,0.5,0.5,0.5,242687.0875,0.010442916666666668,490442.9,480735.42
MID_0046,healthy,0.5,0.5,0.5,168647.30250000002,0.019751666666666667,343956.74,337210.85
MID_0047,healthy,0.5,0.5,0.5,146903.21,0.0070170833333333335,295868.08,289991.95
MID_0048,healthy,0.5,0.5,0.5,93392.2825,0.00684375,188062.87,184327.18
MID_0049,healthy,0.5,0.5,0.5,221935.1925,0.03441125,459144.52,450267.11
MID_0050,healthy,0.5,0.5,0.5,231413.2775,0.006960833333333333,466048.21,456791.68
MID_0051,healthy,0.5,0.5,0.5,109817.54999999999,0.0296675,226151.12,221758.42
MID_0052,healthy,0.5,0.5,0.5,119371.7275,0.00403625,239707.08,234932.21
MID_0053,healthy,0.5,0.5,0.5,137256.12,0.024932916666666666,281356.63,275866.39
MID_0054,healthy,0.5,0.5,0.5,401124.355,0.029633333333333334,826022.01,809977.04
MID_0055,healthy,0.5,0.5,0.5,194512.12750000003,0.010672083333333334,393175.95,385395.46
MID_0056,healthy,0.5,0.5,0.5,212681.2775,0.009624166666666666,429456.32,420949.07
MID_0057,healthy,0.5,0.5,0.5,91750.89249999999,0.007349166666666667,184850.37,181180.33
MID_0058,healthy,0.5,0.5,0.5,206278.8625,0.037858750000000004,428176.64,419925.49
MID_0059,healthy,0.5,0.5,0.5,273655.6275,0.012612916666666666,554214.45,543268.22
MID_0060,healthy,0.5,0.5,0.5,299505.57,0.03337958333333333,619005.88,607025.66
MID_0061,healthy,0.5,0.5,0.5,141491.995,0.027003749999999997,290625.62,284965.94
MID_0062,healthy,0.5,0.5,0.5,108797.6525,0.022756666666666665,222547.05,218195.14
MID_0063,healthy,0.5,0.5,0.5,261972.94249999998,0.009627083333333333,528989.96,518511.04
MID_0064,healthy,0.5,0.5,0.5,513018.41000000003,0.015877083333333333,1042327.29,1021806.55
MID_0065,healthy,0.5,0.5,0.5,133147.4025,0.0058737500000000005,267858.95,262533.05
MID_0066,healthy,0.5,0.5,0.5,130475.1175,0.006698333333333334,262698.17,257479.17
MID_0067,healthy,0.5,0.5,0.5,144403.81,0.03594958333333333,299190.13,293413.98
MID_0068,healthy,0.5,0.5,0.5,90072.7675,0.011064166666666667,182138.7,178535.79
MID_0069,healthy,0.5,0.5,0.5,131481.58,0.024645833333333336,269444.11,264184.85
MID_0070,healthy,0.5,0.5,0.5,219921.045,0.02952625,452828.98,444032.14
MID_0071,healthy,0.5,0.5,0.5,453881.25500000006,0.014194583333333332,920647.82,902492.57
MID_0072,healthy,0.5,0.5,0.5,147714.29,0.013629166666666666,299455.03,293546.46
MID_0073,healthy,0.5,0.5,0.5,137391.785,0.019070416666666666,280023.81,274528.14
MID_0074,healthy,0.5,0.5,0.5,264141.33499999996,0.03375625,546115.51,535549.86
MID_0075,healthy,0.5,0.5,0.5,67736.755,0.004195,136041.82,133332.35
MID_0076,healthy,0.5,0.5,0.5,165236.91749999998,0.007822083333333334,333058.83,326449.35
MID_0077,healthy,0.5,0.5,0.5,132838.51750000002,0.009395833333333334,268173.29,262859.75
MID_0078,healthy,0.5,0.5,0.5,162641.9075,0.008832083333333332,328156.75,321651.07
MID_0079,healthy,0.5,0.5,0.5,225204.67500000002,0.011319583333333333,455507.8,446499.61
MID_0080,healthy,0.5,0.5,0.5,352504.8975,0.008023333333333334,710666.32,696566.12
MID_0081,healthy,0.5,0.5,0.5,135840.76499999998,0.015235833333333332,275820.82,270387.19
MID_0082,healthy,0.5,0.5,0.5,440550.91500000004,0.003757916666666667,884412.94,866790.9
MID_0083,healthy,0.5,0.5,0.5,151268.53500000003,0.00853875,305120.36,299069.62
MID_0084,healthy,0.5,0.5,0.5,285124.4875,0.007619999999999999,574594.27,563189.29
MID_0085,healthy,0.5,0.5,0.5,184751.2925,0.035944583333333335,382784.2,375394.15
MID_0086,healthy,0.5,0.5,0.5,193979.72,0.00438625,389661.13,381901.94
MID_0087,healthy,0.5,0.5,0.5,378447.36,0.03304125,781903.47,766765.58
MID_0088,healthy,0.5,0.5,0.5,113202.58750000001,0.01787375,230451.88,225923.78
MID_0089,healthy,0.5,0.5,0.5,127564.875,0.03171625,263221.51,258118.92
MID_0090,healthy,0.5,0.5,0.5,304848.065,0.022757083333333334,623571.04,611377.12
MID_0091,healthy,0.5,0.5,0.5,382391.1225,0.019717500000000002,779861.84,764566.2
MID_0092,healthy,0.5,0.5,0.5,94142.16750000001,0.0200475,192058.97,188293.28
MID_0093,healthy,0.5,0.5,0.5,91260.355,0.004975833333333333,183428.9,179778.49
MID_0094,healthy,0.5,0.5,0.5,324614.3425,0.02108625,662918.48,649933.91
MID_0095,healthy,0.5,0.5,0.5,94124.12,0.01638416666666667,191332.53,187567.57
MID_0096,healthy,0.5,0.5,0.5,138540.87,0.007866666666666666,279261.45,273719.82
MID_0097,healthy,0.5,0.5,0.5,232740.595,0.02133583333333333,475412.62,466103.0
MID_0098,healthy,0.5,0.5,0.5,217398.14500000002,0.007128333333333334,437895.66,429199.73
MID_0099,healthy,0.5,0.5,0.5,150039.17500000002,0.007575833333333333,302351.69,296350.12
MID_0100,healthy,0.5,0.5,0.5,294383.05,0.006034166666666667,592318.81,580543.49
MID_0101,healthy,0.5,0.5,0.5,103428.0575,0.033481666666666667,213782.0,209644.88
MID_0102,healthy,0.5,0.5,0.5,240278.28,0.010645,485672.08,476060.95
MID_0103,healthy,0.5,0.5,0.5,196575.95749999996,0.01660375,399679.71,391816.67
MID_0104,healthy,0.5,0.5,0.5,148519.0,0.026225833333333334,304828.07,298887.31
MID_0105,healthy,0.5,0.5,0.5,318869.0575,0.015355416666666668,647530.85,634776.09
MID_0106,healthy,0.5,0.5,0.5,121805.1375,0.0063166666666666675,245149.08,240276.87
MID_0107,healthy,0.5,0.5,0.5,390485.62,0.00538,785172.87,769553.45
MID_0108,healthy,0.5,0.5,0.5,99034.85250000001,0.020289166666666667,202088.37,198126.98
MID_0109,healthy,0.5,0.5,0.5,154711.87,0.006911666666666667,311562.37,305373.9
MID_0110,healthy,0.5,0.5,0.5,124034.3375,0.020115,253058.58,248097.21
MID_0111,healthy,0.5,0.5,0.5,362729.7025,0.006335,730055.19,715546.0
MID_0112,healthy,0.5,0.5,0.5,140883.8075,0.028910416666666664,289913.63,284278.28
MID_0113,healthy,0.5,0.5,0.5,153567.4575,0.027948333333333335,315718.82,309576.12
MID_0114,healthy,0.5,0.5,0.5,219130.3175,0.013475833333333333,444166.56,435401.35
MID_0115,healthy,0.5,0.5,0.5,216135.455,0.016854583333333333,439556.66,430911.24
MID_0116,healthy,0.5,0.5,0.5,200096.20249999998,0.02497125,410185.71,402181.86
MID_0117,healthy,0.5,0.5,0.5,302221.26,0.0037745833333333333,606724.04,594635.19
MID_0118,healthy,0.5,0.5,0.5,422013.1275,0.022515416666666666,863029.86,846149.33
MID_0119,healthy,0.5,0.5,0.5,90879.18000000001,0.011696666666666666,183884.33,180249.16
MID_0120,healthy,0.5,0.5,0.5,398381.9875,0.03260958333333333,822746.12,806810.84
MID_0121,healthy,0.5,0.5,0.5,117385.1675,0.036577083333333336,243357.55,238662.14
MID_0122,healthy,0.5,0.5,0.5,182513.94,0.03701708333333333,378540.15,371239.59
MID_0123,healthy,0.5,0.5,0.5,329579.87,0.01196375,667045.76,653862.57
MID_0124,healthy,0.5,0.5,0.5,152386.9275,0.023630833333333334,311975.92,305880.44
MID_0125,healthy,0.5,0.5,0.5,190469.72999999998,0.012450000000000001,385682.16,378063.37
MID_0126,healthy,0.5,0.5,0.5,530815.9275,0.018212916666666665,1080967.27,1059734.63
MID_0127,healthy,0.5,0.5,0.5,125315.1375,0.008576666666666666,252779.85,247767.24
MID_0128,healthy,0.5,0.5,0.5,290818.065,0.02093041666666667,593810.02,582177.3
MID_0129,healthy,0.5,0.5,0.5,101717.87,0.01962875,207428.93,203360.22
MID_0130,healthy,0.5,0.5,0.5,87965.3275,0.03741375,182512.88,178994.27
MID_0131,healthy,0.5,0.5,0.5,216517.0175,0.004857083333333334,435137.32,426476.64
MID_0132,healthy,0.5,0.5,0.5,158232.2475,0.00783625,318944.39,312615.1
MID_0133,healthy,0.5,0.5,0.5,93641.89499999999,0.0176725,190593.56,186847.88
MID_0134,healthy,0.5,0.5,0.5,147361.95249999998,0.025400000000000002,302209.89,296315.41
MID_0135,healthy,0.5,0.5,0.5,190423.8225,0.027518333333333336,391327.94,383710.99
MID_0136,healthy,0.5,0.5,0.5,276709.93000000005,0.014593333333333333,561496.1,550427.7
MID_0137,healthy,0.5,0.5,0.5,213684.8975,0.009853333333333334,431580.81,423033.41
MID_0138,healthy,0.5,0.5,0.5,166215.2675,0.017513749999999998,338252.64,331604.03
MID_0139,healthy,0.5,0.5,0.5,96559.735,0.022889999999999997,197539.97,193677.58
MID_0140,healthy,0.5,0.5,0.5,108548.7125,0.005074166666666667,218199.01,213857.06
MID_0141,healthy,0.5,0.5,0.5,406644.67,0.009010416666666667,820617.42,804351.63
MID_0142,healthy,0.5,0.5,0.5,114570.50499999999,0.026922083333333333,235309.96,230727.14
MID_0143,healthy,0.5,0.5,0.5,91954.725,0.03569541666666667,190474.17,186795.98
MID_0144,healthy,0.5,0.5,0.5,128456.76750000002,0.0038187499999999997,257894.62,252756.35
MID_0145,healthy,0.5,0.5,0.5,235721.4575,0.0261025,483748.75,474319.89
MID_0146,healthy,0.5,0.5,0.5,185329.14,0.016643333333333333,376827.27,369414.1
MID_0147,healthy,0.5,0.5,0.5,226936.59250000003,0.005216666666666667,456240.89,447163.43
MID_0148,healthy,0.5,0.5,0.5,449824.59500000003,0.008634583333333333,907417.29,889424.31
MID_0149,healthy,0.5,0.5,0.5,76128.7175,0.0098675,153759.84,150714.69
MID_0150,healthy,0.5,0.5,0.5,279269.8175,0.005208750000000001,561448.93,550278.14
MID_0151,growing,0.5,0.5,0.5,72288.98999999999,0.002620833333333333,144956.89,142065.33
MID_0152,growing,0.5,0.5,0.5,141893.01750000002,0.005157083333333334,285249.54,279573.82
MID_0153,growing,0.5,0.5,0.5,213066.71250000002,0.007460833333333333,429312.74,420790.07
MID_0154,growing,0.5,0.5,0.5,95145.10500000001,0.021419999999999998,194366.23,190560.43
MID_0155,growing,0.5,0.5,0.5,273336.9625,0.0031545833333333335,548398.45,537464.97
MID_0156,growing,0.5,0.5,0.5,161863.0475,0.02578541666666667,332073.51,325598.99
MID_0157,growing,0.5,0.5,0.5,123583.6,0.006985000000000001,248893.66,243950.32
MID_0158,growing,0.5,0.5,0.5,235464.5575,0.010708750000000001,475972.18,466553.6
MID_0159,growing,0.5,0.5,0.5,174181.53250000003,0.00947875,351665.11,344697.85
MID_0160,growing,0.5,0.5,0.5,131711.1175,0.011856249999999999,266545.43,261276.99
MID_0161,growing,0.5,0.5,0.5,219028.82,0.016208333333333335,445157.82,436396.67
MID_0162,growing,0.5,0.5,0.5,279228.40750000003,0.013082916666666666,565763.06,554593.92
MID_0163,growing,0.5,0.5,0.5,193492.16499999998,0.00653,389511.34,381771.65
MID_0164,growing,0.5,0.5,0.5,456645.91000000003,0.027034166666666665,937981.9,919716.06
MID_0165,growing,0.5,0.5,0.5,117217.7775,0.023286249999999998,239894.68,235205.97
MID_0166,growing,0.5,0.5,0.5,169888.785,0.002374583333333333,340584.4,333788.85
MID_0167,growing,0.5,0.5,0.5,327273.79250000004,0.013019999999999999,663069.79,649978.84
MID_0168,growing,0.5,0.5,0.5,202093.90249999997,0.01091375,408599.01,400515.25
MID_0169,growing,0.5,0.5,0.5,100881.76000000001,0.012362083333333334,204257.74,200222.47
MID_0170,growing,0.5,0.5,0.5,193989.44,0.011871666666666668,392584.84,384825.26
MID_0171,growing,0.5,0.5,0.5,149942.5575,0.009929166666666668,302862.72,296865.02
MID_0172,growing,0.5,0.5,0.5,132992.88,0.0033945833333333332,266888.67,261568.95
MID_0173,growing,0.5,0.5,0.5,85159.5675,0.01773833333333333,173340.31,169933.93
MID_0174,growing,0.5,0.5,0.5,191266.9125,0.008754166666666667,385882.59,378231.91
MID_0175,growing,0.5,0.5,0.5,330556.1175,0.013785833333333332,670226.22,657003.98
MID_0176,growing,0.5,0.5,0.5,173004.40000000002,0.004954166666666667,347722.99,340802.81
MID_0177,growing,0.5,0.5,0.5,53777.905,0.009953333333333333,108626.35,106475.23
MID_0178,growing,0.5,0.5,0.5,106521.64249999999,0.01244,215693.54,211432.67
MID_0179,growing,0.5,0.5,0.5,206944.42,0.023904166666666667,423782.51,415504.73
MID_0180,growing,0.5,0.5,0.5,154890.28,0.016055416666666666,314754.22,308558.61
MID_0181,growing,0.5,0.5,0.5,79319.015,0.02210166666666667,162144.19,158971.43
MID_0182,growing,0.5,0.5,0.5,163293.6225,0.02497375,334743.35,328211.61
MID_0183,growing,0.5,0.5,0.5,50633.75,0.006970416666666666,101973.38,99948.03
MID_0184,growing,0.5,0.5,0.5,189602.6125,0.010183333333333334,383066.8,375482.7
MID_0185,growing,0.5,0.5,0.5,281175.56,0.0075316666666666665,566586.56,555339.54
MID_0186,growing,0.5,0.5,0.5,430550.9325,0.006984166666666666,867115.94,849893.9
MID_0187,growing,0.5,0.5,0.5,373200.84750000003,0.0033425,748896.54,733968.51
MID_0188,growing,0.5,0.5,0.5,131862.44,0.021523333333333335,269401.12,264126.62
MID_0189,growing,0.5,0.5,0.5,50560.0625,0.0038208333333333336,101506.49,99484.09
MID_0190,growing,0.5,0.5,0.5,177727.7675,0.003305833333333333,356630.61,349521.5
MID_0191,growing,0.5,0.5,0.5,284869.48,0.006670416666666667,573539.36,562144.58
MID_0192,growing,0.5,0.5,0.5,100228.8325,0.020161666666666665,204499.23,200490.08
MID_0193,growing,0.5,0.5,0.5,110243.95,0.005831666666666666,221773.71,217363.95
MID_0194,growing,0.5,0.5,0.5,739874.3425,0.0131425,1499196.28,1469601.31
MID_0195,growing,0.5,0.5,0.5,58392.950000000004,0.00641125,117534.64,115198.92
MID_0196,growing,0.5,0.5,0.5,260438.68,0.011231666666666668,526727.68,516310.13
MID_0197,growing,0.5,0.5,0.5,218189.0625,0.01014625,440805.73,432078.17
MID_0198,growing,0.5,0.5,0.5,252319.0375,0.01368875,511545.94,501453.18
MID_0199,growing,0.5,0.5,0.5,184916.4275,0.004529583333333333,371508.04,364111.38
MID_0200,growing,0.5,0.5,0.5,114572.34,0.002390416666666667,229692.43,225109.54
MID_0201,growing,0.5,0.5,0.5,86269.9325,0.011268333333333333,174484.1,171033.3
MID_0202,growing,0.5,0.5,0.5,123396.1825,0.0035933333333333334,247679.17,242743.32
MID_0203,growing,0.5,0.5,0.5,175205.435,0.00339625,351600.95,344592.73
MID_0204,growing,0.5,0.5,0.5,343729.3,0.004991666666666667,690890.16,677140.99
MID_0205,growing,0.5,0.5,0.5,244685.4425,0.0045808333333333335,491612.61,481825.19
MID_0206,growing,0.5,0.5,0.5,201670.79499999998,0.00577,405668.87,397602.04
MID_0207,growing,0.5,0.5,0.5,371956.4375,0.013231666666666668,753756.08,738877.82
MID_0208,growing,0.5,0.5,0.5,43614.027500000004,0.0018220833333333333,87386.99,85642.43
MID_0209,growing,0.5,0.5,0.5,146019.6175,0.01651,296860.8,291020.02
MID_0210,growing,0.5,0.5,0.5,305240.36750000005,0.004425416666666667,613182.37,600972.76
MID_0211,growing,0.5,0.5,0.5,397130.365,0.018934583333333335,809299.73,793414.52
MID_0212,growing,0.5,0.5,0.5,147792.5875,0.006533333333333333,297516.33,291604.63
MID_0213,growing,0.5,0.5,0.5,129757.22,0.025140833333333334,266038.85,260848.56
MID_0214,growing,0.5,0.5,0.5,65864.925,0.0029375000000000004,132116.81,129482.21
MID_0215,growing,0.5,0.5,0.5,104814.3225,0.008704166666666667,211453.29,207260.72
MID_0216,growing,0.5,0.5,0.5,286888.4625,0.0033958333333333336,575725.38,564249.84
MID_0217,growing,0.5,0.5,0.5,112985.88000000002,0.0056904166666666665,227257.63,222738.19
MID_0218,growing,0.5,0.5,0.5,444495.19499999995,0.01268375,900266.12,882486.31
MID_0219,growing,0.5,0.5,0.5,214655.57,0.0027762499999999996,430503.02,421916.8
MID_0220,growing,0.5,0.5,0.5,88472.81,0.014125416666666666,179445.05,175906.14
MID_0221,growing,0.5,0.5,0.5,84608.33,0.012249583333333333,171289.49,167905.16
MID_0222,growing,0.5,0.5,0.5,369883.6475,0.004877083333333333,743375.2,728579.85
MID_0223,growing,0.5,0.5,0.5,393879.34,0.0034420833333333335,790470.21,774715.04
MID_0224,growing,0.5,0.5,0.5,253010.65250000003,0.0066974999999999995,509410.38,499289.95
MID_0225,growing,0.5,0.5,0.5,442592.66250000003,0.0033345833333333335,888137.05,870433.34
MID_0226,growing,0.5,0.5,0.5,195459.3125,0.017021666666666668,397572.71,389754.34
MID_0227,growing,0.5,0.5,0.5,158716.41,0.01217,321295.98,314947.32
MID_0228,growing,0.5,0.5,0.5,227731.7175,0.0046279166666666665,457571.28,448462.01
MID_0229,growing,0.5,0.5,0.5,106031.495,0.004753333333333333,213071.0,208829.74
MID_0230,growing,0.5,0.5,0.5,271972.46499999997,0.018659166666666668,554094.49,543215.59
MID_0231,growing,0.5,0.5,0.5,233812.775,0.008614583333333333,471653.95,462301.44
MID_0232,growing,0.5,0.5,0.5,191883.10499999998,0.015784583333333334,389823.8,382148.48
MID_0233,growing,0.5,0.5,0.5,177349.23500000002,0.003687916666666667,356006.57,348912.6
MID_0234,growing,0.5,0.5,0.5,318289.415,0.016258333333333333,646928.54,634196.96
MID_0235,growing,0.5,0.5,0.5,131064.8,0.0076904166666666674,264145.49,258902.9
MID_0236,growing,0.5,0.5,0.5,86947.8725,0.014570416666666667,176429.48,172951.57
MID_0237,growing,0.5,0.5,0.5,102543.7975,0.005045416666666667,206122.35,202020.6
MID_0238,growing,0.5,0.5,0.5,408333.68499999994,0.004789166666666666,820578.53,804245.18
MID_0239,growing,0.5,0.5,0.5,57365.79000000001,0.01514,116468.62,114173.99
MID_0240,growing,0.5,0.5,0.5,203544.98500000002,0.027067083333333335,418108.71,409966.91
MID_0241,growing,0.5,0.5,0.5,154012.51,0.023482083333333334,315258.09,309097.59
MID_0242,growing,0.5,0.5,0.5,205118.5925,0.01545,416575.35,408370.61
MID_0243,growing,0.5,0.5,0.5,90290.5,0.013303750000000001,182983.4,179371.78
MID_0244,growing,0.5,0.5,0.5,345019.9175,0.005346666666666666,693729.25,679928.45
MID_0245,growing,0.5,0.5,0.5,243507.65,0.013684166666666666,493679.7,483939.39
MID_0246,growing,0.5,0.5,0.5,735956.1950000001,0.004422916666666666,1478422.54,1448984.29
MID_0247,growing,0.5,0.5,0.5,117974.24500000001,0.020891666666666666,240877.85,236158.88
MID_0248,growing,0.5,0.5,0.5,536673.3574999999,0.004439583333333333,1078111.93,1056645.0
MID_0249,growing,0.5,0.5,0.5,230224.82,0.013925833333333333,466861.78,457652.79
MID_0250,growing,0.5,0.5,0.5,856434.78,0.02584875,1757145.1,1722887.71
MID_0251,stable,0.5,0.5,0.5,329671.045,0.0067575,663797.59,650610.75
MID_0252,stable,0.5,0.5,0.5,284541.0175,0.03486625,588923.79,577542.15
MID_0253,stable,0.5,0.5,0.5,129027.4975,0.02006375,263232.55,258071.45
MID_0254,stable,0.5,0.5,0.5,147351.55000000002,0.008815416666666668,297301.03,291406.97
MID_0255,stable,0.5,0.5,0.5,0.0,0.016790833333333335,0.0,0.0
MID_0256,stable,0.5,0.5,0.5,119763.8075,0.009917500000000001,241903.13,237112.58
MID_0257,stable,0.5,0.5,0.5,152432.115,0.018662083333333333,310553.63,304456.35
MID_0258,stable,0.5,0.5,0.5,115897.71,0.042915,241742.92,237107.01
MID_0259,stable,0.5,0.5,0.5,97942.1025,0.006587916666666666,197174.67,193256.99
MID_0260,stable,0.5,0.5,0.5,149097.26750000002,0.007016250000000001,300286.74,294322.85
MID_0261,stable,0.5,0.5,0.5,124772.94750000001,0.0070325000000000006,251300.83,246309.91
MID_0262,stable,0.5,0.5,0.5,113976.0275,0.04087916666666667,237270.55,232711.51
MID_0263,stable,0.5,0.5,0.5,70716.8425,0.013314583333333333,143316.82,140488.15
MID_0264,stable,0.5,0.5,0.5,274668.9975,0.021382083333333333,561083.99,550097.23
MID_0265,stable,0.5,0.5,0.5,113757.5475,0.044809999999999996,237710.05,233159.75
MID_0266,stable,0.5,0.5,0.5,129335.38749999998,0.02678208333333333,265598.52,260425.1
MID_0267,stable,0.5,0.5,0.5,0.0,0.0187425,0.0,0.0
MID_0268,stable,0.5,0.5,0.5,170680.18,0.005216666666666667,343141.12,336313.91
MID_0269,stable,0.5,0.5,0.5,126910.7275,0.009239583333333334,256166.66,251090.23
MID_0270,stable,0.5,0.5,0.5,254331.11000000002,0.010779583333333334,514145.39,503972.15
MID_0271,stable,0.5,0.5,0.5,122693.0025,0.04237041666666667,255783.11,250875.39
MID_0272,stable,0.5,0.5,0.5,128887.86249999999,0.004590833333333333,258959.13,253803.62
MID_0273,stable,0.5,0.5,0.5,231396.83000000002,0.025177083333333333,474445.45,465189.58
MID_0274,stable,0.5,0.5,0.5,134717.69,0.03278541666666667,278268.93,272880.22
MID_0275,stable,0.5,0.5,0.5,89685.04,0.007123333333333333,180647.79,177060.39
MID_0276,stable,0.5,0.5,0.5,103179.01,0.005656666666666667,207525.32,203398.16
MID_0277,stable,0.5,0.5,0.5,110145.10250000001,0.010169583333333334,222530.46,218124.66
MID_0278,stable,0.5,0.5,0.5,158311.535,0.006438333333333333,318661.59,312329.13
MID_0279,stable,0.5,0.5,0.5,192447.0525,0.020794166666666666,392897.66,385199.78
MID_0280,stable,0.5,0.5,0.5,110949.08750000001,0.004184166666666667,222826.63,218388.67
MID_0281,stable,0.5,0.5,0.5,327200.2225,0.005703333333333334,658132.71,645044.7
MID_0282,stable,0.5,0.5,0.5,126741.74,0.009030416666666667,255772.54,250702.87
MID_0283,stable,0.5,0.5,0.5,95622.63249999999,0.027061666666666668,196420.68,192595.77
MID_0284,stable,0.5,0.5,0.5,434094.495,0.02182125,887133.96,869770.18
MID_0285,stable,0.5,0.5,0.5,113458.095,0.00425,227880.58,223342.26
MID_0286,stable,0.5,0.5,0.5,65922.33249999999,0.020440833333333335,134539.68,131902.79
MID_0287,stable,0.5,0.5,0.5,274086.795,0.04993291666666667,575545.5,564582.03
MID_0288,stable,0.5,0.5,0.5,95054.52,0.020556666666666668,194017.05,190214.87
MID_0289,stable,0.5,0.5,0.5,197943.2325,0.01916666666666667,403474.29,395556.56
MID_0290,stable,0.5,0.5,0.5,166733.83000000002,0.024232083333333335,341548.28,334878.93
MID_0291,stable,0.5,0.5,0.5,243442.52750000003,0.015372916666666667,494369.9,484632.2
MID_0292,stable,0.5,0.5,0.5,80860.16,0.009812916666666666,163307.27,160072.86
MID_0293,stable,0.5,0.5,0.5,145166.18250000002,0.019075833333333334,295870.7,290064.05
MID_0294,stable,0.5,0.5,0.5,116653.905,0.010547083333333334,235768.53,231102.37
MID_0295,stable,0.5,0.5,0.5,246930.89500000002,0.022359583333333335,504904.33,495027.09
MID_0296,stable,0.5,0.5,0.5,115466.45999999999,0.0141475,234200.04,229581.38
MID_0297,stable,0.5,0.5,0.5,129865.2475,0.025699166666666665,266405.35,261210.74
MID_0298,stable,0.5,0.5,0.5,208936.8775,0.00331875,419260.57,410903.09
MID_0299,stable,0.5,0.5,0.5,195746.0975,0.012420416666666668,396354.69,388524.85
MID_0300,stable,0.5,0.5,0.5,244681.43,0.011121666666666667,494805.39,485018.13
MID_0301,stable,0.5,0.5,0.5,329220.77249999996,0.020960000000000003,672242.48,659073.65
MID_0302,stable,0.5,0.5,0.5,106361.5525,0.012110000000000001,215299.18,211044.72
MID_0303,stable,0.5,0.5,0.5,196027.44,0.04020041666666666,407815.65,399974.55
MID_0304,stable,0.5,0.5,0.5,108342.0125,0.018515,220695.93,216362.25
MID_0305,stable,0.5,0.5,0.5,258606.1675,0.023322083333333337,529274.8,518930.55
MID_0306,stable,0.5,0.5,0.5,128663.605,0.027851249999999998,264494.09,259347.55
MID_0307,stable,0.5,0.5,0.5,161770.13,0.009164583333333334,326505.37,320034.56
MID_0308,stable,0.5,0.5,0.5,235171.94749999998,0.009925416666666667,475012.25,465605.37
MID_0309,stable,0.5,0.5,0.5,165939.48,0.007949583333333333,334517.26,327879.68
MID_0310,stable,0.5,0.5,0.5,204452.435,0.019822916666666666,417010.56,408832.46
MID_0311,stable,0.5,0.5,0.5,151831.96,0.01948,309579.29,303506.01
MID_0312,stable,0.5,0.5,0.5,185340.71000000002,0.015342916666666666,376368.75,368955.12
MID_0313,stable,0.5,0.5,0.5,332865.255,0.018602499999999998,678114.76,664800.15
MID_0314,stable,0.5,0.5,0.5,127171.7825,0.03108875,262250.79,257163.92
MID_0315,stable,0.5,0.5,0.5,178375.6175,0.04536166666666667,372934.07,365799.05
MID_0316,stable,0.5,0.5,0.5,118839.01749999999,0.02048875,242547.76,237794.2
MID_0317,stable,0.5,0.5,0.5,93247.9425,0.006812083333333333,187766.31,184036.39
MID_0318,stable,0.5,0.5,0.5,227975.19,0.011720833333333333,461294.5,452175.49
MID_0319,stable,0.5,0.5,0.5,208472.2425,0.03074708333333333,429764.31,421425.42
MID_0320,stable,0.5,0.5,0.5,74426.2825,0.007510416666666666,149970.51,146993.46
MID_0321,stable,0.5,0.5,0.5,167063.66999999998,0.0358925,346120.01,339437.46
MID_0322,stable,0.5,0.5,0.5,135309.635,0.017420416666666667,275333.57,269921.18
MID_0323,stable,0.5,0.5,0.5,211793.5325,0.018265833333333332,431324.24,422852.5
MID_0324,stable,0.5,0.5,0.5,371722.67500000005,0.013998333333333333,753852.35,738983.44
MID_0325,stable,0.5,0.5,0.5,91151.88500000001,0.027494166666666667,187316.06,183669.98
MID_0326,stable,0.5,0.5,0.5,136593.23,0.01917458333333333,278424.7,272960.97
MID_0327,stable,0.5,0.5,0.5,152432.1925,0.014462083333333334,309273.36,303176.07
MID_0328,stable,0.5,0.5,0.5,108938.31,0.007516666666666667,219514.33,215156.8
MID_0329,stable,0.5,0.5,0.5,96628.7875,0.00793375,194790.83,190925.68
MID_0330,stable,0.5,0.5,0.5,126112.2175,0.0258525,258745.07,253700.58
MID_0331,stable,0.5,0.5,0.5,159726.385,0.03262583333333333,329875.18,323486.12
MID_0332,stable,0.5,0.5,0.5,140205.7375,0.04034416666666667,291724.44,286116.21
MID_0333,stable,0.5,0.5,0.5,178280.425,0.016152916666666666,362320.35,355189.13
MID_0334,stable,0.5,0.5,0.5,295432.40750000003,0.02777875,607278.3,595461.0
MID_0335,stable,0.5,0.5,0.5,172024.58250000002,0.013894166666666666,348829.44,341948.46
MID_0336,stable,0.5,0.5,0.5,67250.8325,0.008974583333333333,135708.76,133018.73
MID_0337,stable,0.5,0.5,0.5,167417.75,0.0112425,338599.89,331903.18
MID_0338,stable,0.5,0.5,0.5,100569.23749999999,0.009895,203128.74,199105.97
MID_0339,stable,0.5,0.5,0.5,444088.8475,0.019675,905652.59,887889.04
MID_0340,stable,0.5,0.5,0.5,61899.9775,0.012106249999999999,125298.71,122822.71
MID_0341,stable,0.5,0.5,0.5,131730.245,0.027717500000000003,270762.96,265493.75
MID_0342,stable,0.5,0.5,0.5,147333.59000000003,0.041015,306752.95,300859.61
MID_0343,stable,0.5,0.5,0.5,332474.80000000005,0.024052916666666663,680943.58,667644.59
MID_0344,stable,0.5,0.5,0.5,81576.14499999999,0.0052725,164012.51,160749.46
MID_0345,stable,0.5,0.5,0.5,151547.63,0.01652,308102.39,302040.48
MID_0346,stable,0.5,0.5,0.5,171285.2775,0.011667083333333333,346567.35,339715.94
MID_0347,stable,0.5,0.5,0.5,167052.625,0.0181475,340168.43,333486.32
MID_0348,stable,0.5,0.5,0.5,144501.46,0.016612083333333333,293803.86,288023.8
MID_0349,stable,0.5,0.5,0.5,96328.465,0.05925791666666667,204073.38,200220.24
MID_0350,stable,0.5,0.5,0.5,156479.88749999998,0.0157125,317877.16,311617.96
MID_0351,risky,0.5,0.5,0.5,67685.5675,0.03997958333333333,140783.22,138075.8
MID_0352,risky,0.5,0.5,0.5,25730.4875,0.04376291666666667,53713.06,52683.84
MID_0353,risky,0.5,0.5,0.5,0.0,0.04547916666666666,0.0,0.0
MID_0354,risky,0.5,0.5,0.5,16382.19,0.07535208333333333,35233.24,34577.95
MID_0355,risky,0.5,0.5,0.5,26807.844999999998,0.07496625,57635.06,56562.75
MID_0356,risky,0.5,0.5,0.5,0.0,0.013842083333333333,0.0,0.0
MID_0357,risky,0.5,0.5,0.5,0.0,0.0221225,0.0,0.0
MID_0358,risky,0.5,0.5,0.5,0.0,0.03302708333333333,0.0,0.0
MID_0359,risky,0.5,0.5,0.5,0.0,0.03653375,0.0,0.0
MID_0360,risky,0.5,0.5,0.5,31166.0875,0.03721041666666667,64651.58,63404.94
MID_0361,risky,0.5,0.5,0.5,0.0,0.04647833333333334,0.0,0.0
MID_0362,risky,0.5,0.5,0.5,0.0,0.021993750000000003,0.0,0.0
MID_0363,risky,0.5,0.5,0.5,0.0,0.03804375,0.0,0.0
MID_0364,risky,0.5,0.5,0.5,102860.245,0.04221249999999999,214404.47,210290.06
MID_0365,risky,0.5,0.5,0.5,47804.22499999999,0.09773124999999999,104952.38,103040.21
MID_0366,risky,0.5,0.5,0.5,0.0,0.03903416666666667,0.0,0.0
MID_0367,risky,0.5,0.5,0.5,34329.9775,0.02646583333333333,70477.1,69103.9
MID_0368,risky,0.5,0.5,0.5,0.0,0.02392291666666667,0.0,0.0
MID_0369,risky,0.5,0.5,0.5,79612.82500000001,0.0616325,169039.12,165854.61
MID_0370,risky,0.5,0.5,0.5,74562.1225,0.045582083333333336,155921.64,152939.16
MID_0371,risky,0.5,0.5,0.5,17539.835,0.03821833333333333,36420.36,35718.77
MID_0372,risky,0.5,0.5,0.5,91030.1975,0.08533583333333333,197596.67,193955.46
MID_0373,risky,0.5,0.5,0.5,0.0,0.024119583333333333,0.0,0.0
MID_0374,risky,0.5,0.5,0.5,73554.8625,0.05511125,155217.13,152274.94
MID_0375,risky,0.5,0.5,0.5,0.0,0.015964166666666665,0.0,0.0
MID_0376,risky,0.5,0.5,0.5,0.0,0.0209525,0.0,0.0
MID_0377,risky,0.5,0.5,0.5,44270.8525,0.087105,96254.13,94483.3
MID_0378,risky,0.5,0.5,0.5,0.0,0.029764166666666664,0.0,0.0
MID_0379,risky,0.5,0.5,0.5,0.0,0.0230325,0.0,0.0
MID_0380,risky,0.5,0.5,0.5,54223.9325,0.0961225,118872.14,116703.18
MID_0381,risky,0.5,0.5,0.5,0.0,0.05019791666666667,0.0,0.0
MID_0382,risky,0.5,0.5,0.5,22228.017499999998,0.0581925,47043.04,46153.92
MID_0383,risky,0.5,0.5,0.5,0.0,0.016975416666666666,0.0,0.0
MID_0384,risky,0.5,0.5,0.5,21315.8,0.055474583333333334,44996.57,44143.94
MID_0385,risky,0.5,0.5,0.5,0.0,0.027867083333333334,0.0,0.0
MID_0386,risky,0.5,0.5,0.5,0.0,0.017109166666666665,0.0,0.0
MID_0387,risky,0.5,0.5,0.5,0.0,0.048225416666666666,0.0,0.0
MID_0388,risky,0.5,0.5,0.5,27425.075,0.05317375,57766.74,56669.74
MID_0389,risky,0.5,0.5,0.5,26902.745,0.03179,55515.97,54439.86
MID_0390,risky,0.5,0.5,0.5,10396.41,0.032369166666666664,21465.87,21050.01
MID_0391,risky,0.5,0.5,0.5,0.0,0.024680416666666666,0.0,0.0
MID_0392,risky,0.5,0.5,0.5,43491.817500000005,0.03974875,90441.13,88701.46
MID_0393,risky,0.5,0.5,0.5,0.0,0.06298166666666667,0.0,0.0
MID_0394,risky,0.5,0.5,0.5,80552.4225,0.04025,167589.32,164367.22
MID_0395,risky,0.5,0.5,0.5,0.0,0.025734166666666666,0.0,0.0
MID_0396,risky,0.5,0.5,0.5,76254.51,0.037455416666666665,158221.31,155171.13
MID_0397,risky,0.5,0.5,0.5,0.0,0.040676666666666667,0.0,0.0
MID_0398,risky,0.5,0.5,0.5,0.0,0.03839833333333333,0.0,0.0
MID_0399,risky,0.5,0.5,0.5,0.0,0.02283125,0.0,0.0
MID_0400,risky,0.5,0.5,0.5,32392.325,0.09533916666666666,70961.16,69665.47
MID_0401,risky,0.5,0.5,0.5,43462.705,0.03359041666666667,89845.27,88106.76
MID_0402,risky,0.5,0.5,0.5,15838.6525,0.05255708333333334,33342.17,32708.62
MID_0403,risky,0.5,0.5,0.5,8790.14,0.07661458333333333,18927.19,18575.58
MID_0404,risky,0.5,0.5,0.5,0.0,0.029585,0.0,0.0
MID_0405,risky,0.5,0.5,0.5,0.0,0.033209583333333334,0.0,0.0
MID_0406,risky,0.5,0.5,0.5,0.0,0.023295833333333335,0.0,0.0
MID_0407,risky,0.5,0.5,0.5,14126.032500000001,0.05785833333333334,29886.68,29321.64
MID_0408,risky,0.5,0.5,0.5,28698.357500000002,0.06344625,61038.32,59890.39
MID_0409,risky,0.5,0.5,0.5,0.0,0.05082333333333333,0.0,0.0
MID_0410,risky,0.5,0.5,0.5,9280.8125,0.05171541666666667,19521.55,19150.32
MID_0411,risky,0.5,0.5,0.5,19138.9675,0.06226291666666667,40661.23,39895.67
MID_0412,risky,0.5,0.5,0.5,41355.105,0.07220416666666667,88682.23,87028.03
MID_0413,risky,0.5,0.5,0.5,122208.55750000001,0.07428583333333333,262573.84,257685.5
MID_0414,risky,0.5,0.5,0.5,32103.065000000002,0.04956375,67388.43,66104.31
MID_0415,risky,0.5,0.5,0.5,49379.4075,0.08377625,107032.46,105057.28
MID_0416,risky,0.5,0.5,0.5,0.0,0.04416291666666666,0.0,0.0
MID_0417,risky,0.5,0.5,0.5,0.0,0.01665541666666667,0.0,0.0
MID_0418,risky,0.5,0.5,0.5,38803.387500000004,0.06959166666666666,83007.56,81455.42
MID_0419,risky,0.5,0.5,0.5,0.0,0.029169166666666666,0.0,0.0
MID_0420,risky,0.5,0.5,0.5,0.0,0.028781666666666667,0.0,0.0
MID_0421,risky,0.5,0.5,0.5,0.0,0.022938749999999997,0.0,0.0
MID_0422,risky,0.5,0.5,0.5,14097.810000000001,0.07006,30171.01,29607.1
MID_0423,risky,0.5,0.5,0.5,0.0,0.030005833333333332,0.0,0.0
MID_0424,risky,0.5,0.5,0.5,0.0,0.030526666666666664,0.0,0.0
MID_0425,risky,0.5,0.5,0.5,53610.5325,0.039157083333333335,111419.53,109275.11
MID_0426,risky,0.5,0.5,0.5,99242.5475,0.06898708333333334,212178.0,208208.3
MID_0427,risky,0.5,0.5,0.5,0.0,0.06790166666666667,0.0,0.0
MID_0428,risky,0.5,0.5,0.5,18767.295,0.066295,40022.95,39272.26
MID_0429,risky,0.5,0.5,0.5,102972.375,0.03766,213700.63,209581.74
MID_0430,risky,0.5,0.5,0.5,35410.575,0.07532124999999999,76155.49,74739.07
MID_0431,risky,0.5,0.5,0.5,9065.4025,0.03327583333333333,18734.12,18371.5
MID_0432,risky,0.5,0.5,0.5,16228.805,0.10900125,35995.53,35346.38
MID_0433,risky,0.5,0.5,0.5,0.0,0.019359166666666667,0.0,0.0
MID_0434,risky,0.5,0.5,0.5,0.0,0.025540833333333332,0.0,0.0
MID_0435,risky,0.5,0.5,0.5,0.0,0.02768625,0.0,0.0
MID_0436,risky,0.5,0.5,0.5,0.0,0.0539125,0.0,0.0
MID_0437,risky,0.5,0.5,0.5,0.0,0.05155208333333333,0.0,0.0
MID_0438,risky,0.5,0.5,0.5,56308.065,0.13115125,127385.88,125133.56
MID_0439,risky,0.5,0.5,0.5,63743.9075,0.061359166666666666,135310.36,132760.6
MID_0440,risky,0.5,0.5,0.5,0.0,0.06256666666666667,0.0,0.0
MID_0441,risky,0.5,0.5,0.5,0.0,0.04176875,0.0,0.0
MID_0442,risky,0.5,0.5,0.5,0.0,0.053825000000000005,0.0,0.0
MID_0443,risky,0.5,0.5,0.5,47108.442500000005,0.041625416666666665,98138.7,96254.36
MID_0444,risky,0.5,0.5,0.5,13810.555,0.04698541666666667,28918.9,28366.48
MID_0445,risky,0.5,0.5,0.5,0.0,0.035596666666666665,0.0,0.0
MID_0446,risky,0.5,0.5,0.5,0.0,0.030113749999999998,0.0,0.0
MID_0447,risky,0.5,0.5,0.5,0.0,0.013289583333333334,0.0,0.0
MID_0448,risky,0.5,0.5,0.5,23891.7875,0.055640833333333334,50442.29,49486.62
MID_0449,risky,0.5,0.5,0.5,116492.82250000001,0.03519125,241184.7,236524.99
MID_0450,risky,0.5,0.5,0.5,59752.832500000004,0.08308166666666666,129434.39,127044.28
MID_0451,fraudulent,0.5,0.5,0.5,0.0,0.06383083333333334,0.0,0.0
MID_0452,fraudulent,0.5,0.5,0.5,0.0,0.09013541666666668,0.0,0.0
MID_0453,fraudulent,0.5,0.5,0.5,0.0,0.07503125000000001,0.0,0.0
MID_0454,fraudulent,0.5,0.5,0.5,0.0,0.058035833333333335,0.0,0.0
MID_0455,fraudulent,0.5,0.5,0.5,0.0,0.07714041666666667,0.0,0.0
MID_0456,fraudulent,0.5,0.5,0.5,0.0,0.14749416666666668,0.0,0.0
MID_0457,fraudulent,0.5,0.5,0.5,0.0,0.04479333333333333,0.0,0.0
MID_0458,fraudulent,0.5,0.5,0.5,0.0,0.14347541666666666,0.0,0.0
MID_0459,fraudulent,0.5,0.5,0.5,0.0,0.049815,0.0,0.0
MID_0460,fraudulent,0.5,0.5,0.5,0.0,0.0588425,0.0,0.0
MID_0461,fraudulent,0.5,0.5,0.5,0.0,0.04172,0.0,0.0
MID_0462,fraudulent,0.5,0.5,0.5,0.0,0.03143666666666667,0.0,0.0
MID_0463,fraudulent,0.5,0.5,0.5,0.0,0.04535875,0.0,0.0
MID_0464,fraudulent,0.5,0.5,0.5,0.0,0.023330833333333332,0.0,0.0
MID_0465,fraudulent,0.5,0.5,0.5,0.0,0.08325375,0.0,0.0
MID_0466,fraudulent,0.5,0.5,0.5,0.0,0.04101916666666667,0.0,0.0
MID_0467,fraudulent,0.5,0.5,0.5,0.0,0.09828541666666667,0.0,0.0
MID_0468,fraudulent,0.5,0.5,0.5,0.0,0.12085916666666667,0.0,0.0
MID_0469,fraudulent,0.5,0.5,0.5,0.0,0.0402025,0.0,0.0
MID_0470,fraudulent,0.5,0.5,0.5,0.0,0.05456333333333333,0.0,0.0
MID_0471,fraudulent,0.5,0.5,0.5,0.0,0.10843541666666667,0.0,0.0
MID_0472,fraudulent,0.5,0.5,0.5,0.0,0.03340083333333333,0.0,0.0
MID_0473,fraudulent,0.5,0.5,0.5,0.0,0.058062499999999996,0.0,0.0
MID_0474,fraudulent,0.5,0.5,0.5,0.0,0.05459125,0.0,0.0
MID_0475,fraudulent,0.5,0.5,0.5,0.0,0.07096291666666667,0.0,0.0
MID_0476,fraudulent,0.5,0.5,0.5,0.0,0.07688083333333333,0.0,0.0
MID_0477,fraudulent,0.5,0.5,0.5,0.0,0.048194999999999995,0.0,0.0
MID_0478,fraudulent,0.5,0.5,0.5,0.0,0.0394625,0.0,0.0
MID_0479,fraudulent,0.5,0.5,0.5,0.0,0.08275625,0.0,0.0
MID_0480,fraudulent,0.5,0.5,0.5,0.0,0.026549583333333335,0.0,0.0
MID_0481,fraudulent,0.5,0.5,0.5,0.0,0.05774958333333333,0.0,0.0
MID_0482,fraudulent,0.5,0.5,0.5,0.0,0.053504166666666665,0.0,0.0
MID_0483,fraudulent,0.5,0.5,0.5,0.0,0.05270416666666666,0.0,0.0
MID_0484,fraudulent,0.5,0.5,0.5,0.0,0.07606958333333334,0.0,0.0
MID_0485,fraudulent,0.5,0.5,0.5,0.0,0.027461250000000003,0.0,0.0
MID_0486,fraudulent,0.5,0.5,0.5,0.0,0.07021333333333334,0.0,0.0
MID_0487,fraudulent,0.5,0.5,0.5,0.0,0.03159083333333334,0.0,0.0
MID_0488,fraudulent,0.5,0.5,0.5,0.0,0.07162416666666667,0.0,0.0
MID_0489,fraudulent,0.5,0.5,0.5,0.0,0.027592916666666665,0.0,0.0
MID_0490,fraudulent,0.5,0.5,0.5,0.0,0.06456250000000001,0.0,0.0
MID_0491,fraudulent,0.5,0.5,0.5,0.0,0.04506833333333333,0.0,0.0
MID_0492,fraudulent,0.5,0.5,0.5,0.0,0.053649583333333334,0.0,0.0
MID_0493,fraudulent,0.5,0.5,0.5,0.0,0.08755249999999999,0.0,0.0
MID_0494,fraudulent,0.5,0.5,0.5,0.0,0.15608,0.0,0.0
MID_0495,fraudulent,0.5,0.5,0.5,0.0,0.0464725,0.0,0.0
MID_0496,fraudulent,0.5,0.5,0.5,0.0,0.10589791666666666,0.0,0.0
MID_0497,fraudulent,0.5,0.5,0.5,0.0,0.053867083333333336,0.0,0.0
MID_0498,fraudulent,0.5,0.5,0.5,0.0,0.08044,0.0,0.0
MID_0499,fraudulent,0.5,0.5,0.5,0.0,0.04055625,0.0,0.0
MID_0500,fraudulent,0.5,0.5,0.5,0.0,0.057175,0.0,0.0
