merchant_id,segment,entry_week,duration,event,failure_week,avg_gmv,max_refund_rate,max_chargeback_rate,avg_anomaly_score,final_cluster,final_health_score,total_gmv_at_risk
MID_0001,healthy,1,24,0,,199809.66,0.03785,0.01034,,,,793171.68
MID_0002,healthy,1,24,0,,142213.8,0.15149,0.03366,,,,592805.95
MID_0003,healthy,1,24,0,,67693.09,0.05011,0.01674,,,,266437.43
MID_0004,healthy,1,24,0,,408778.09,0.2,0.04829,,,,1682989.86
MID_0005,healthy,1,24,0,,151506.49,0.14003,0.02884,,,,581740.19
MID_0006,healthy,1,24,0,,113280.46,0.02898,0.02996,,,,440644.92
MID_0007,healthy,1,24,0,,288010.05,0.10698,0.02393,,,,1112969.91
MID_0008,healthy,1,24,0,,50658.26,0.12637,0.02947,,,,210362.16
MID_0009,healthy,1,24,0,,292695.27,0.2,0.05284,,,,1159718.66
MID_0010,healthy,1,24,0,,96960.34,0.0453,0.0162,,,,395712.91
MID_0011,healthy,1,24,0,,101832.22,0.17277,0.04042,,,,381400.19
MID_0012,healthy,1,24,0,,116697.79,0.15751,0.03423,,,,443877.93
MID_0013,healthy,1,24,0,,430470.68,0.11264,0.04419,,,,1682426.0
MID_0014,healthy,1,24,0,,120349.49,0.07495,0.0188,,,,497605.77
MID_0015,healthy,1,24,0,,149241.95,0.17096,0.03909,,,,588560.06
MID_0016,healthy,1,24,0,,313702.72,0.02285,0.00922,,,,1270977.05
MID_0017,healthy,1,24,0,,259511.05,0.03932,0.0209,,,,1028071.54
MID_0018,healthy,1,24,0,,104296.08,0.06602,0.02596,,,,417280.66
MID_0019,healthy,1,24,0,,92281.22,0.02587,0.00825,,,,369602.44
MID_0020,healthy,1,24,0,,197699.58,0.10268,0.02446,,,,827438.94
MID_0021,healthy,1,24,0,,239313.1,0.04302,0.01979,,,,929133.78
MID_0022,healthy,1,24,0,,221490.27,0.03611,0.0495,,,,825674.01
MID_0023,healthy,1,24,0,,277145.77,0.05237,0.04006,,,,1106565.4
MID_0024,healthy,1,24,0,,263437.2,0.10992,0.02612,,,,1045652.52
MID_0025,healthy,1,24,0,,97626.23,0.06085,0.01479,,,,391042.84
MID_0026,healthy,1,24,0,,199333.58,0.2,0.05841,,,,787006.31
MID_0027,healthy,1,24,0,,80919.4,0.08446,0.02767,,,,341189.75
MID_0028,healthy,1,24,0,,173275.92,0.06888,0.01793,,,,641993.62
MID_0029,healthy,1,24,0,,143966.73,0.03147,0.0295,,,,585597.42
MID_0030,healthy,1,24,0,,170092.81,0.03873,0.00954,,,,669941.98
MID_0031,healthy,1,24,0,,101038.26,0.12098,0.02799,,,,377760.03
MID_0032,healthy,1,24,0,,199345.16,0.02991,0.04541,,,,749244.9
MID_0033,healthy,1,24,0,,375899.1,0.05882,0.03378,,,,1484242.3
MID_0034,healthy,1,24,0,,353692.94,0.04514,0.01197,,,,1453348.52
MID_0035,healthy,1,24,0,,115705.1,0.03476,0.03708,,,,463460.03
MID_0036,healthy,1,24,0,,148968.54,0.13459,0.0326,,,,562022.55
MID_0037,healthy,1,24,0,,410183.35,0.13257,0.0285,,,,1594820.1
MID_0038,healthy,1,24,0,,209360.08,0.02611,0.03007,,,,803290.52
MID_0039,healthy,1,24,0,,137707.4,0.0323,0.07106,,,,534965.97
MID_0040,healthy,1,24,0,,289561.95,0.0956,0.06189,,,,1152439.95
MID_0041,healthy,1,24,0,,147686.23,0.02905,0.01492,,,,586282.98
MID_0042,healthy,1,24,0,,74031.59,0.19883,0.04553,,,,304772.29
MID_0043,healthy,1,24,0,,156687.02,0.02724,0.01074,,,,603552.1
MID_0044,healthy,1,24,0,,299669.27,0.19631,0.04274,,,,1159436.14
MID_0045,healthy,1,24,0,,237791.58,0.07403,0.02138,,,,970748.35
MID_0046,healthy,1,24,0,,164750.53,0.11898,0.02641,,,,674589.21
MID_0047,healthy,1,24,0,,150887.7,0.05115,0.01385,,,,587612.84
MID_0048,healthy,1,24,0,,94290.92,0.0446,0.02179,,,,373569.13
MID_0049,healthy,1,24,0,,220757.92,0.18566,0.04027,,,,887740.77
MID_0050,healthy,1,24,0,,239732.23,0.04429,0.01312,,,,925653.11
MID_0051,healthy,1,24,0,,110934.59,0.15876,0.04831,,,,439270.2
MID_0052,healthy,1,24,0,,118561.04,0.02758,0.01075,,,,477486.91
MID_0053,healthy,1,24,0,,134398.02,0.16087,0.03898,,,,549024.48
MID_0054,healthy,1,24,0,,398044.3,0.16323,0.03658,,,,1604497.42
MID_0055,healthy,1,24,0,,195673.98,0.08033,0.02088,,,,778048.51
MID_0056,healthy,1,24,0,,214955.5,0.06806,0.02358,,,,850725.11
MID_0057,healthy,1,24,0,,92463.5,0.05636,0.02041,,,,367003.57
MID_0058,healthy,1,24,0,,211855.46,0.2,0.04313,,,,825115.45
MID_0059,healthy,1,24,0,,282612.27,0.07737,0.02699,,,,1094622.51
MID_0060,healthy,1,24,0,,300071.02,0.18589,0.03821,,,,1198022.28
MID_0061,healthy,1,24,0,,136195.29,0.14092,0.03201,,,,565967.98
MID_0062,healthy,1,24,0,,107091.32,0.1207,0.02843,,,,435190.61
MID_0063,healthy,1,24,0,,260979.73,0.06353,0.01868,,,,1047891.77
MID_0064,healthy,1,24,0,,503344.58,0.08829,0.03143,,,,2052073.64
MID_0065,healthy,1,24,0,,133965.74,0.02983,0.02365,,,,532589.61
MID_0066,healthy,1,24,0,,125449.87,0.03197,0.02574,,,,521900.47
MID_0067,healthy,1,24,0,,143628.91,0.2,0.04373,,,,577615.24
MID_0068,healthy,1,24,0,,92500.3,0.06072,0.02499,,,,360291.07
MID_0069,healthy,1,24,0,,127966.03,0.14675,0.03301,,,,525926.32
MID_0070,healthy,1,24,0,,226957.93,0.16352,0.0375,,,,879684.18
MID_0071,healthy,1,24,0,,460414.6,0.09351,0.0196,,,,1815525.02
MID_0072,healthy,1,24,0,,148916.83,0.07583,0.01923,,,,590857.16
MID_0073,healthy,1,24,0,,138075.97,0.06196,0.11588,,,,549567.14
MID_0074,healthy,1,24,0,,261585.96,0.19439,0.0434,,,,1056565.34
MID_0075,healthy,1,24,0,,68657.24,0.03812,0.01123,,,,270947.02
MID_0076,healthy,1,24,0,,161657.91,0.05132,0.01324,,,,660947.67
MID_0077,healthy,1,24,0,,128375.54,0.06579,0.01734,,,,531354.07
MID_0078,healthy,1,24,0,,169492.61,0.05023,0.02575,,,,650567.63
MID_0079,healthy,1,24,0,,233513.39,0.07918,0.0187,,,,900818.7
MID_0080,healthy,1,24,0,,350316.61,0.05351,0.02804,,,,1410019.59
MID_0081,healthy,1,24,0,,137808.36,0.08543,0.02627,,,,543363.06
MID_0082,healthy,1,24,0,,460540.16,0.02118,0.01142,,,,1762203.66
MID_0083,healthy,1,24,0,,152493.93,0.07257,0.0165,,,,605074.14
MID_0084,healthy,1,24,0,,287016.55,0.03336,0.03394,,,,1140497.95
MID_0085,healthy,1,24,0,,191481.38,0.2,0.04682,,,,739005.17
MID_0086,healthy,1,24,0,,196224.3,0.0385,0.01059,,,,775918.88
MID_0087,healthy,1,24,0,,388861.32,0.18803,0.04144,,,,1513789.44
MID_0088,healthy,1,24,0,,117031.72,0.10505,0.04373,,,,452810.35
MID_0089,healthy,1,24,0,,130169.22,0.1925,0.03851,,,,510259.5
MID_0090,healthy,1,24,0,,303532.74,0.12615,0.02982,,,,1219392.26
MID_0091,healthy,1,24,0,,389180.62,0.10577,0.0328,,,,1529564.49
MID_0092,healthy,1,24,0,,96135.64,0.10171,0.05555,,,,376568.67
MID_0093,healthy,1,24,0,,91306.81,0.04002,0.01069,,,,365041.42
MID_0094,healthy,1,24,0,,331451.14,0.12523,0.02731,,,,1298457.37
MID_0095,healthy,1,24,0,,97483.4,0.09392,0.02209,,,,376496.48
MID_0096,healthy,1,24,0,,146377.31,0.05815,0.02524,,,,554163.48
MID_0097,healthy,1,24,0,,234013.02,0.12434,0.02858,,,,930962.38
MID_0098,healthy,1,24,0,,221376.69,0.06434,0.01286,,,,869592.58
MID_0099,healthy,1,24,0,,153496.65,0.03732,0.02584,,,,600156.7
MID_0100,healthy,1,24,0,,288063.27,0.03996,0.01262,,,,1177532.2
MID_0101,healthy,1,24,0,,105424.3,0.19132,0.03969,,,,413712.23
MID_0102,healthy,1,24,0,,236223.49,0.06863,0.01501,,,,961113.12
MID_0103,healthy,1,24,0,,197184.29,0.10719,0.02338,,,,786303.83
MID_0104,healthy,1,24,0,,144771.76,0.14085,0.03977,,,,594076.0
MID_0105,healthy,1,24,0,,327548.69,0.0858,0.02747,,,,1275476.23
MID_0106,healthy,1,24,0,,124789.71,0.04755,0.01167,,,,487220.55
MID_0107,healthy,1,24,0,,397748.13,0.03648,0.01216,,,,1561942.48
MID_0108,healthy,1,24,0,,100341.05,0.1071,0.03201,,,,396139.41
MID_0109,healthy,1,24,0,,156897.48,0.04581,0.01273,,,,618847.48
MID_0110,healthy,1,24,0,,117955.83,0.12691,0.02794,,,,496137.35
MID_0111,healthy,1,24,0,,366048.11,0.04767,0.02476,,,,1450918.81
MID_0112,healthy,1,24,0,,138139.01,0.16841,0.03602,,,,563535.23
MID_0113,healthy,1,24,0,,151358.76,0.1649,0.0389,,,,614269.83
MID_0114,healthy,1,24,0,,217478.78,0.09363,0.01952,,,,876521.27
MID_0115,healthy,1,24,0,,213291.16,0.13407,0.02848,,,,864541.82
MID_0116,healthy,1,24,0,,208959.07,0.13257,0.07676,,,,800384.81
MID_0117,healthy,1,24,0,,303733.82,0.02945,0.01012,,,,1208885.04
MID_0118,healthy,1,24,0,,408730.41,0.12846,0.03174,,,,1688052.51
MID_0119,healthy,1,24,0,,91657.81,0.05729,0.06168,,,,363516.72
MID_0120,healthy,1,24,0,,399188.6,0.18743,0.04142,,,,1593527.95
MID_0121,healthy,1,24,0,,119907.39,0.2,0.04421,,,,469540.67
MID_0122,healthy,1,24,0,,184459.38,0.2,0.04408,,,,730055.76
MID_0123,healthy,1,24,0,,336532.83,0.07724,0.01967,,,,1318319.48
MID_0124,healthy,1,24,0,,141259.35,0.13191,0.03156,,,,609547.71
MID_0125,healthy,1,24,0,,199428.64,0.08906,0.02479,,,,761878.92
MID_0126,healthy,1,24,0,,537768.44,0.09906,0.04164,,,,2123263.71
MID_0127,healthy,1,24,0,,121554.51,0.06505,0.01493,,,,501260.55
MID_0128,healthy,1,24,0,,288405.49,0.12804,0.02872,,,,1163272.26
MID_0129,healthy,1,24,0,,103736.73,0.11327,0.03162,,,,406871.48
MID_0130,healthy,1,24,0,,86778.76,0.2,0.05119,,,,351861.31
MID_0131,healthy,1,24,0,,211441.77,0.04011,0.01171,,,,866068.07
MID_0132,healthy,1,24,0,,164885.46,0.04175,0.03861,,,,632928.99
MID_0133,healthy,1,24,0,,94535.91,0.10314,0.02867,,,,374567.58
MID_0134,healthy,1,24,0,,149033.82,0.10495,0.08984,,,,589447.81
MID_0135,healthy,1,24,0,,189043.44,0.18213,0.03913,,,,761695.29
MID_0136,healthy,1,24,0,,279330.58,0.09723,0.02199,,,,1106839.72
MID_0137,healthy,1,24,0,,215542.67,0.03816,0.07418,,,,854739.59
MID_0138,healthy,1,24,0,,173135.32,0.13702,0.02744,,,,664861.07
MID_0139,healthy,1,24,0,,95142.8,0.13658,0.03323,,,,386238.94
MID_0140,healthy,1,24,0,,106822.06,0.05047,0.00998,,,,434194.85
MID_0141,healthy,1,24,0,,428534.17,0.0549,0.02849,,,,1626578.68
MID_0142,healthy,1,24,0,,116630.02,0.15286,0.03834,,,,458282.02
MID_0143,healthy,1,24,0,,90610.68,0.2,0.05649,,,,367818.9
MID_0144,healthy,1,24,0,,128841.2,0.02604,0.00943,,,,513827.07
MID_0145,healthy,1,24,0,,234482.23,0.12881,0.06235,,,,942885.83
MID_0146,healthy,1,24,0,,191563.85,0.10319,0.02471,,,,741316.56
MID_0147,healthy,1,24,0,,229832.62,0.03409,0.01098,,,,907746.37
MID_0148,healthy,1,24,0,,475050.74,0.07267,0.01849,,,,1799298.38
MID_0149,healthy,1,24,0,,79148.06,0.07703,0.02696,,,,304514.87
MID_0150,healthy,1,24,0,,283477.35,0.03143,0.02378,,,,1117079.27
MID_0151,growing,1,24,0,,53012.23,0.01,0.00837,,,,289155.96
MID_0152,growing,1,24,0,,111571.71,0.05683,0.01325,,,,567572.07
MID_0153,growing,1,24,0,,169304.69,0.07798,0.01353,,,,852266.85
MID_0154,growing,1,24,0,,80423.85,0.17755,0.02831,,,,380580.42
MID_0155,growing,1,24,0,,240696.75,0.01,0.01489,,,,1093347.85
MID_0156,growing,1,24,0,,135896.15,0.19767,0.03068,,,,647452.19
MID_0157,growing,1,24,0,,103673.56,0.01118,0.05453,,,,494334.4
MID_0158,growing,1,24,0,,186562.65,0.09624,0.01888,,,,941858.23
MID_0159,growing,1,24,0,,147170.22,0.07323,0.02088,,,,696726.13
MID_0160,growing,1,24,0,,104709.96,0.10048,0.01851,,,,526844.47
MID_0161,growing,1,24,0,,199314.32,0.09789,0.06129,,,,876115.28
MID_0162,growing,1,24,0,,208747.75,0.10904,0.02476,,,,1116913.63
MID_0163,growing,1,24,0,,147414.34,0.05989,0.01248,,,,773968.66
MID_0164,growing,1,24,0,,357404.7,0.2,0.03392,,,,1826583.64
MID_0165,growing,1,24,0,,109171.27,0.1764,0.02875,,,,468871.11
MID_0166,growing,1,24,0,,131986.57,0.01243,0.00529,,,,679555.14
MID_0167,growing,1,24,0,,244717.4,0.10889,0.0241,,,,1309095.17
MID_0168,growing,1,24,0,,147171.28,0.09529,0.022,,,,808375.61
MID_0169,growing,1,24,0,,75359.69,0.09107,0.03708,,,,403527.04
MID_0170,growing,1,24,0,,137871.14,0.10213,0.02106,,,,775957.76
MID_0171,growing,1,24,0,,110225.02,0.0904,0.01996,,,,599770.23
MID_0172,growing,1,24,0,,118000.82,0.01,0.01511,,,,531971.52
MID_0173,growing,1,24,0,,67733.93,0.10053,0.08319,,,,340638.27
MID_0174,growing,1,24,0,,151425.61,0.07158,0.01818,,,,765067.65
MID_0175,growing,1,24,0,,236425.19,0.103,0.03413,,,,1322224.47
MID_0176,growing,1,24,0,,143104.88,0.04864,0.01104,,,,692017.6
MID_0177,growing,1,24,0,,46768.37,0.07856,0.01712,,,,215111.62
MID_0178,growing,1,24,0,,79376.43,0.09995,0.01731,,,,426086.57
MID_0179,growing,1,24,0,,189900.17,0.2,0.03182,,,,827777.68
MID_0180,growing,1,24,0,,127262.09,0.11561,0.03515,,,,619561.12
MID_0181,growing,1,24,0,,60415.1,0.16085,0.02903,,,,317276.06
MID_0182,growing,1,24,0,,127481.05,0.2,0.03074,,,,653174.49
MID_0183,growing,1,24,0,,40673.39,0.05791,0.0162,,,,202535.0
MID_0184,growing,1,24,0,,162147.88,0.03256,0.08066,,,,758410.45
MID_0185,growing,1,24,0,,196973.36,0.07316,0.0154,,,,1124702.24
MID_0186,growing,1,24,0,,312634.59,0.05823,0.02501,,,,1722203.73
MID_0187,growing,1,24,0,,324144.02,0.03265,0.00939,,,,1492803.39
MID_0188,growing,1,24,0,,104247.27,0.17564,0.03041,,,,527449.76
MID_0189,growing,1,24,0,,40761.38,0.01,0.01638,,,,202240.25
MID_0190,growing,1,24,0,,130880.49,0.01,0.01074,,,,710911.07
MID_0191,growing,1,24,0,,237921.93,0.02706,0.0453,,,,1139477.92
MID_0192,growing,1,24,0,,73232.82,0.12101,0.08306,,,,400915.33
MID_0193,growing,1,24,0,,88395.84,0.05713,0.01366,,,,440975.8
MID_0194,growing,1,24,0,,604390.65,0.10456,0.02087,,,,2959497.37
MID_0195,growing,1,24,0,,50896.19,0.03473,0.04078,,,,233571.8
MID_0196,growing,1,24,0,,194623.53,0.08772,0.01734,,,,1041754.72
MID_0197,growing,1,24,0,,192564.49,0.07864,0.02706,,,,872756.25
MID_0198,growing,1,24,0,,184257.68,0.12405,0.01954,,,,1009276.15
MID_0199,growing,1,24,0,,165847.28,0.0402,0.01778,,,,739665.71
MID_0200,growing,1,24,0,,91867.59,0.01,0.00693,,,,458289.36
MID_0201,growing,1,24,0,,76911.76,0.08637,0.01951,,,,345079.73
MID_0202,growing,1,24,0,,102470.54,0.03703,0.00976,,,,493584.73
MID_0203,growing,1,24,0,,127637.18,0.01969,0.0197,,,,700821.74
MID_0204,growing,1,24,0,,296823.42,0.01,0.03088,,,,1374917.2
MID_0205,growing,1,24,0,,193179.25,0.04993,0.01215,,,,978741.77
MID_0206,growing,1,24,0,,161514.33,0.03392,0.02778,,,,806683.18
MID_0207,growing,1,24,0,,289881.18,0.10714,0.01821,,,,1487825.75
MID_0208,growing,1,24,0,,37217.72,0.01224,0.00718,,,,174456.11
MID_0209,growing,1,24,0,,129169.29,0.12939,0.02762,,,,584078.47
MID_0210,growing,1,24,0,,233913.68,0.04838,0.00916,,,,1220961.47
MID_0211,growing,1,24,0,,289579.06,0.16199,0.0261,,,,1588521.46
MID_0212,growing,1,24,0,,129391.46,0.06472,0.01727,,,,591170.35
MID_0213,growing,1,24,0,,116555.37,0.2,0.0327,,,,519028.88
MID_0214,growing,1,24,0,,53633.92,0.02313,0.00699,,,,263459.7
MID_0215,growing,1,24,0,,90856.67,0.08976,0.01631,,,,419257.29
MID_0216,growing,1,24,0,,235194.11,0.02631,0.00963,,,,1147553.85
MID_0217,growing,1,24,0,,81204.39,0.05399,0.01436,,,,451943.52
MID_0218,growing,1,24,0,,376946.23,0.1147,0.01904,,,,1777980.78
MID_0219,growing,1,24,0,,166090.23,0.03188,0.00762,,,,858622.28
MID_0220,growing,1,24,0,,73474.52,0.11022,0.02161,,,,353891.24
MID_0221,growing,1,24,0,,64516.25,0.09639,0.01847,,,,338433.32
MID_0222,growing,1,24,0,,261189.85,0.04883,0.01538,,,,1479534.59
MID_0223,growing,1,24,0,,293291.31,0.01,0.01479,,,,1575517.36
MID_0224,growing,1,24,0,,201383.11,0.05965,0.02299,,,,1012042.61
MID_0225,growing,1,24,0,,317817.67,0.01607,0.02091,,,,1770370.65
MID_0226,growing,1,24,0,,162471.02,0.12604,0.03177,,,,781837.25
MID_0227,growing,1,24,0,,115353.36,0.06985,0.05178,,,,634865.64
MID_0228,growing,1,24,0,,171147.08,0.03839,0.0145,,,,910926.87
MID_0229,growing,1,24,0,,84867.08,0.04228,0.01855,,,,424125.98
MID_0230,growing,1,24,0,,204560.71,0.07842,0.11476,,,,1087889.86
MID_0231,growing,1,24,0,,177235.8,0.03662,0.05828,,,,935251.1
MID_0232,growing,1,24,0,,170661.91,0.1211,0.0324,,,,767532.42
MID_0233,growing,1,24,0,,144265.15,0.02921,0.01682,,,,709396.94
MID_0234,growing,1,24,0,,239164.05,0.13265,0.02504,,,,1273157.66
MID_0235,growing,1,24,0,,104354.21,0.06442,0.02126,,,,524259.2
MID_0236,growing,1,24,0,,75914.27,0.12605,0.02205,,,,347791.49
MID_0237,growing,1,24,0,,78557.3,0.05193,0.01129,,,,410175.19
MID_0238,growing,1,24,0,,330461.51,0.03171,0.02624,,,,1633334.74
MID_0239,growing,1,24,0,,53591.74,0.10214,0.0362,,,,229463.16
MID_0240,growing,1,24,0,,155811.94,0.2,0.03756,,,,814179.94
MID_0241,growing,1,24,0,,138281.03,0.16545,0.04392,,,,616050.04
MID_0242,growing,1,24,0,,155798.54,0.12176,0.02276,,,,820474.37
MID_0243,growing,1,24,0,,66422.57,0.09073,0.03905,,,,361162.0
MID_0244,growing,1,24,0,,275677.35,0.06373,0.01244,,,,1380079.67
MID_0245,growing,1,24,0,,174657.82,0.12295,0.02307,,,,974030.6
MID_0246,growing,1,24,0,,533999.52,0.0524,0.01417,,,,2943824.78
MID_0247,growing,1,24,0,,104143.44,0.13941,0.04988,,,,471896.98
MID_0248,growing,1,24,0,,397950.91,0.01,0.02243,,,,2146693.43
MID_0249,growing,1,24,0,,191795.76,0.12052,0.01833,,,,920899.28
MID_0250,growing,1,24,0,,590658.31,0.2,0.03333,,,,3425739.12
MID_0251,stable,1,24,0,,331458.24,0.04648,0.0105,,,,1318684.18
MID_0252,stable,1,24,0,,300756.41,0.17819,0.04217,,,,1138164.07
MID_0253,stable,1,24,0,,127389.36,0.08683,0.04908,,,,516109.99
MID_0254,stable,1,24,0,,152716.92,0.04613,0.04075,,,,589406.2
MID_0255,stable,1,21,1,21.0,101549.63,0.0976,0.02519,,,,410305.42
MID_0256,stable,1,24,0,,118178.09,0.04863,0.01734,,,,479055.23
MID_0257,stable,1,24,0,,151507.68,0.07531,0.05548,,,,609728.46
MID_0258,stable,1,24,0,,123341.87,0.2148,0.05283,,,,463590.84
MID_0259,stable,1,24,0,,98756.38,0.02123,0.0311,,,,391768.41
MID_0260,stable,1,24,0,,149617.35,0.04246,0.01564,,,,596389.07
MID_0261,stable,1,24,0,,119450.07,0.03571,0.01423,,,,499091.79
MID_0262,stable,1,24,0,,118676.42,0.20669,0.05163,,,,455904.11
MID_0263,stable,1,24,0,,70710.53,0.06411,0.021,,,,282867.37
MID_0264,stable,1,24,0,,280446.98,0.11423,0.02913,,,,1098675.99
MID_0265,stable,1,24,0,,117460.19,0.22972,0.05487,,,,455030.19
MID_0266,stable,1,24,0,,129549.02,0.11257,0.06865,,,,517341.55
MID_0267,stable,1,20,1,20.0,83901.26,0.11746,0.02814,,,,334872.24
MID_0268,stable,1,24,0,,165837.76,0.02221,0.02177,,,,682720.72
MID_0269,stable,1,24,0,,131166.06,0.04482,0.01545,,,,507642.91
MID_0270,stable,1,24,0,,245091.94,0.05639,0.02462,,,,1017324.44
MID_0271,stable,1,24,0,,120624.02,0.22468,0.05248,,,,490772.01
MID_0272,stable,1,24,0,,130809.42,0.02354,0.01477,,,,515551.45
MID_0273,stable,1,24,0,,231742.87,0.12551,0.03101,,,,925587.32
MID_0274,stable,1,24,0,,137045.34,0.1588,0.03798,,,,538870.76
MID_0275,stable,1,24,0,,91475.27,0.03934,0.0122,,,,358740.16
MID_0276,stable,1,24,0,,102542.32,0.02126,0.01286,,,,412716.04
MID_0277,stable,1,24,0,,106957.87,0.04756,0.03399,,,,440580.41
MID_0278,stable,1,24,0,,163334.14,0.03461,0.01165,,,,633246.14
MID_0279,stable,1,24,0,,192883.18,0.10995,0.02857,,,,769788.21
MID_0280,stable,1,24,0,,106798.04,0.02887,0.0097,,,,443796.35
MID_0281,stable,1,24,0,,338890.37,0.03638,0.01179,,,,1308800.89
MID_0282,stable,1,24,0,,130788.89,0.04898,0.01667,,,,506966.96
MID_0283,stable,1,24,0,,94172.22,0.12637,0.03269,,,,382490.53
MID_0284,stable,1,24,0,,425466.97,0.10314,0.02748,,,,1736377.98
MID_0285,stable,1,24,0,,114832.0,0.03532,0.01077,,,,453832.38
MID_0286,stable,1,24,0,,64088.56,0.08528,0.07045,,,,263689.33
MID_0287,stable,1,24,0,,276378.5,0.24753,0.058,,,,1096347.18
MID_0288,stable,1,24,0,,95600.15,0.10104,0.02868,,,,380218.08
MID_0289,stable,1,24,0,,197359.76,0.10516,0.02664,,,,791772.93
MID_0290,stable,1,24,0,,168059.77,0.10557,0.05266,,,,666935.32
MID_0291,stable,1,24,0,,242968.78,0.08875,0.02134,,,,973770.11
MID_0292,stable,1,23,1,23.0,154564.17,0.03345,0.05817,,,,601545.29
MID_0293,stable,1,24,0,,148005.77,0.08752,0.02865,,,,580664.73
MID_0294,stable,1,24,0,,118991.65,0.06023,0.01684,,,,466615.62
MID_0295,stable,1,24,0,,238120.83,0.11704,0.03038,,,,987723.58
MID_0296,stable,1,24,0,,112067.49,0.0663,0.02441,,,,461865.84
MID_0297,stable,1,24,0,,134693.97,0.11166,0.05337,,,,519460.99
MID_0298,stable,1,24,0,,213230.47,0.03071,0.01006,,,,835747.51
MID_0299,stable,1,24,0,,193794.73,0.06615,0.02218,,,,782984.39
MID_0300,stable,1,24,0,,259304.11,0.05724,0.02254,,,,978725.72
MID_0301,stable,1,24,0,,336236.65,0.09266,0.04549,,,,1316883.09
MID_0302,stable,1,24,0,,101425.88,0.07501,0.0223,,,,425446.21
MID_0303,stable,1,24,0,,191661.51,0.21001,0.04872,,,,784109.76
MID_0304,stable,1,24,0,,112759.09,0.1017,0.0287,,,,433368.05
MID_0305,stable,1,24,0,,263171.79,0.12112,0.03052,,,,1034424.67
MID_0306,stable,1,24,0,,123269.27,0.14573,0.03801,,,,514654.42
MID_0307,stable,1,24,0,,170519.65,0.03662,0.0279,,,,647080.52
MID_0308,stable,1,24,0,,237255.12,0.0494,0.01784,,,,940687.79
MID_0309,stable,1,24,0,,169599.04,0.0469,0.01595,,,,663757.92
MID_0310,stable,1,24,0,,200642.28,0.10372,0.02808,,,,817809.74
MID_0311,stable,1,24,0,,153350.89,0.10725,0.02485,,,,607327.84
MID_0312,stable,1,24,0,,191065.19,0.07666,0.02183,,,,741362.84
MID_0313,stable,1,24,0,,332326.48,0.10125,0.02435,,,,1331461.02
MID_0314,stable,1,24,0,,125849.3,0.1517,0.03776,,,,508687.13
MID_0315,stable,1,24,0,,183032.93,0.23725,0.05619,,,,713502.47
MID_0316,stable,1,24,0,,118716.58,0.10497,0.03083,,,,475356.07
MID_0317,stable,1,24,1,24.0,118338.69,0.02031,0.04411,,,,478395.52
MID_0318,stable,1,24,0,,241488.12,0.06686,0.01622,,,,911900.76
MID_0319,stable,1,24,0,,214874.67,0.15344,0.03994,,,,833888.97
MID_0320,stable,1,24,0,,77426.83,0.05013,0.01797,,,,297705.13
MID_0321,stable,1,24,0,,167080.66,0.18171,0.04478,,,,668254.68
MID_0322,stable,1,24,0,,133088.56,0.08616,0.02197,,,,541238.54
MID_0323,stable,1,24,0,,203253.87,0.09284,0.02574,,,,847174.13
MID_0324,stable,1,24,0,,360873.29,0.07751,0.01933,,,,1486890.7
MID_0325,stable,1,24,0,,92079.66,0.14137,0.03392,,,,364607.54
MID_0326,stable,1,24,0,,131499.06,0.09906,0.02481,,,,546372.92
MID_0327,stable,1,24,0,,153698.03,0.0771,0.01972,,,,609728.77
MID_0328,stable,1,24,0,,107141.43,0.0286,0.05025,,,,435753.24
MID_0329,stable,1,24,0,,94917.44,0.06393,0.01444,,,,386515.15
MID_0330,stable,1,24,0,,127294.64,0.11964,0.03993,,,,504448.87
MID_0331,stable,1,24,0,,155806.88,0.17141,0.0418,,,,638905.54
MID_0332,stable,1,24,0,,143208.33,0.2019,0.05181,,,,560822.95
MID_0333,stable,1,24,0,,179040.63,0.05838,0.0784,,,,713121.7
MID_0334,stable,1,24,0,,290064.32,0.12147,0.0464,,,,1181729.63
MID_0335,stable,1,24,0,,175680.98,0.07221,0.02099,,,,688098.33
MID_0336,stable,1,24,0,,67730.54,0.04632,0.01307,,,,269003.33
MID_0337,stable,1,24,0,,170361.15,0.07158,0.01798,,,,669671.0
MID_0338,stable,1,24,0,,100217.1,0.05432,0.01715,,,,402276.95
MID_0339,stable,1,24,0,,457327.85,0.08815,0.02781,,,,1776355.39
MID_0340,stable,1,24,0,,62284.13,0.05473,0.03365,,,,247599.91
MID_0341,stable,1,24,0,,126649.73,0.12651,0.03279,,,,526920.98
MID_0342,stable,1,24,0,,147256.05,0.17312,0.07821,,,,589334.36
MID_0343,stable,1,24,0,,336515.03,0.10992,0.03917,,,,1329899.2
MID_0344,stable,1,23,1,23.0,159387.77,0.0386,0.017,,,,608206.8
MID_0345,stable,1,24,0,,147638.4,0.06557,0.07757,,,,606190.52
MID_0346,stable,1,24,0,,170651.03,0.08464,0.01864,,,,685141.11
MID_0347,stable,1,24,0,,166526.71,0.08958,0.02744,,,,668210.5
MID_0348,stable,1,24,0,,145172.94,0.09276,0.0233,,,,578005.84
MID_0349,stable,1,24,0,,95976.43,0.3,0.07139,,,,385313.86
MID_0350,stable,1,24,0,,152555.51,0.07847,0.02869,,,,625919.55
MID_0351,risky,1,24,0,,80826.79,0.22277,0.08065,,,,270742.27
MID_0352,risky,1,24,0,,42538.82,0.21903,0.07866,,,,102921.95
MID_0353,risky,1,20,1,20.0,82184.04,0.23687,0.08562,,,,264733.65
MID_0354,risky,1,22,1,22.0,106995.26,0.32706,0.12123,,,,301252.41
MID_0355,risky,1,24,0,,35776.26,0.31316,0.11391,,,,107231.38
MID_0356,risky,1,15,1,15.0,145731.13,0.10541,0.03618,,,,501818.66
MID_0357,risky,1,15,1,15.0,211445.57,0.16139,0.05795,,,,731491.88
MID_0358,risky,1,19,1,19.0,73569.05,0.20585,0.07557,,,,247583.68
MID_0359,risky,1,20,1,20.0,542273.29,0.19618,0.08811,,,,1896187.77
MID_0360,risky,1,24,1,24.0,61422.68,0.19671,0.0731,,,,165629.85
MID_0361,risky,1,19,1,19.0,80543.39,0.2444,0.08405,,,,238489.57
MID_0362,risky,1,15,1,15.0,65273.26,0.16136,0.05635,,,,238580.08
MID_0363,risky,1,20,1,20.0,73045.9,0.20385,0.07254,,,,222103.15
MID_0364,risky,1,24,0,,186797.49,0.2117,0.07884,,,,411440.98
MID_0365,risky,1,24,1,24.0,101844.48,0.38508,0.14112,,,,254873.53
MID_0366,risky,1,19,1,19.0,73205.56,0.20866,0.07883,,,,261093.29
MID_0367,risky,1,24,0,,62870.91,0.15808,0.05936,,,,137319.91
MID_0368,risky,1,15,1,15.0,132996.11,0.16727,0.05584,,,,482874.13
MID_0369,risky,1,24,0,,98483.76,0.28987,0.10952,,,,318451.3
MID_0370,risky,1,24,0,,118128.01,0.22287,0.07715,,,,298248.49
MID_0371,risky,1,22,1,22.0,92978.48,0.21589,0.08071,,,,310434.57
MID_0372,risky,1,24,0,,111960.41,0.32125,0.12536,,,,364120.79
MID_0373,risky,1,15,1,15.0,117233.73,0.16512,0.05487,,,,420876.03
MID_0374,risky,1,24,0,,127300.32,0.24725,0.09238,,,,294219.45
MID_0375,risky,1,19,1,19.0,53435.16,0.12967,0.04697,,,,158182.04
MID_0376,risky,1,18,1,18.0,55442.94,0.15196,0.05694,,,,176969.25
MID_0377,risky,1,24,0,,57159.24,0.34852,0.13398,,,,177083.41
MID_0378,risky,1,17,1,17.0,122759.05,0.18329,0.06271,,,,432477.27
MID_0379,risky,1,20,1,20.0,57057.25,0.15053,0.04914,,,,188363.51
MID_0380,risky,1,24,0,,74325.59,0.36982,0.14296,,,,216895.73
MID_0381,risky,1,17,1,17.0,85052.76,0.27007,0.09846,,,,287402.58
MID_0382,risky,1,24,0,,30428.56,0.2479,0.10076,,,,88912.07
MID_0383,risky,1,16,1,16.0,67884.61,0.13363,0.04251,,,,223138.28
MID_0384,risky,1,24,0,,35061.59,0.25541,0.09269,,,,85263.2
MID_0385,risky,1,15,1,15.0,33931.17,0.17569,0.05996,,,,111565.3
MID_0386,risky,1,16,1,16.0,82122.46,0.12379,0.03975,,,,265681.91
MID_0387,risky,1,17,1,17.0,24260.08,0.26955,0.10145,,,,75535.86
MID_0388,risky,1,24,0,,37540.51,0.24434,0.09244,,,,109700.3
MID_0389,risky,1,24,0,,33580.81,0.18576,0.06563,,,,107610.98
MID_0390,risky,1,24,1,24.0,22712.31,0.18283,0.07214,,,,55567.78
MID_0391,risky,1,19,1,19.0,45011.85,0.16264,0.05125,,,,151278.29
MID_0392,risky,1,24,0,,74390.0,0.22884,0.08172,,,,173967.27
MID_0393,risky,1,18,1,18.0,43745.11,0.29824,0.11335,,,,138484.14
MID_0394,risky,1,23,1,23.0,221233.12,0.21087,0.08397,,,,625565.27
MID_0395,risky,1,16,1,16.0,146606.2,0.1684,0.05926,,,,459764.02
MID_0396,risky,1,24,0,,127730.35,0.20909,0.07742,,,,305018.04
MID_0397,risky,1,17,1,17.0,54538.64,0.21891,0.08328,,,,190322.23
MID_0398,risky,1,21,1,21.0,71704.01,0.22435,0.07857,,,,220824.64
MID_0399,risky,1,15,1,15.0,119541.26,0.15941,0.05832,,,,412350.97
MID_0400,risky,1,24,0,,41668.53,0.37083,0.13554,,,,129569.3
MID_0401,risky,1,24,0,,63336.13,0.18944,0.06837,,,,173850.82
MID_0402,risky,1,22,1,22.0,120015.12,0.25115,0.08895,,,,300174.54
MID_0403,risky,1,24,0,,11487.08,0.32636,0.12378,,,,35160.56
MID_0404,risky,1,18,1,18.0,140635.55,0.17663,0.06069,,,,496703.07
MID_0405,risky,1,21,1,21.0,57278.19,0.18912,0.06978,,,,194621.91
MID_0406,risky,1,19,1,19.0,73689.95,0.1658,0.05928,,,,219098.78
MID_0407,risky,1,24,0,,18790.15,0.27054,0.10179,,,,56504.13
MID_0408,risky,1,24,0,,36423.9,0.29475,0.10856,,,,114793.43
MID_0409,risky,1,15,1,15.0,207440.6,0.2983,0.10701,,,,751037.83
MID_0410,risky,1,22,1,22.0,64736.34,0.26017,0.099,,,,172367.58
MID_0411,risky,1,24,1,24.0,30689.87,0.27963,0.09974,,,,100791.66
MID_0412,risky,1,24,1,24.0,72465.32,0.3132,0.11677,,,,218942.46
MID_0413,risky,1,24,0,,190382.57,0.30747,0.11198,,,,488834.23
MID_0414,risky,1,24,0,,43033.27,0.23615,0.08696,,,,128412.26
MID_0415,risky,1,24,0,,67100.82,0.329,0.12425,,,,197517.63
MID_0416,risky,1,17,1,17.0,89410.03,0.23547,0.09168,,,,300175.85
MID_0417,risky,1,14,1,14.0,101154.44,0.12663,0.04055,,,,406235.07
MID_0418,risky,1,24,0,,64472.11,0.29024,0.10879,,,,155213.55
MID_0419,risky,1,17,1,17.0,38459.76,0.16262,0.05904,,,,115855.32
MID_0420,risky,1,16,1,16.0,46192.17,0.15936,0.05777,,,,168451.39
MID_0421,risky,1,15,1,15.0,104076.83,0.16354,0.05706,,,,342241.74
MID_0422,risky,1,24,1,24.0,32770.97,0.28659,0.10489,,,,75621.06
MID_0423,risky,1,21,1,21.0,129492.97,0.18622,0.06903,,,,351042.54
MID_0424,risky,1,15,1,15.0,77716.99,0.19766,0.0709,,,,264506.07
MID_0425,risky,1,24,0,,84967.77,0.21228,0.07611,,,,214442.13
MID_0426,risky,1,24,0,,148114.65,0.31269,0.11275,,,,396970.19
MID_0427,risky,1,18,1,18.0,92401.04,0.33365,0.12615,,,,268997.38
MID_0428,risky,1,24,1,24.0,40231.78,0.29031,0.10776,,,,100219.27
MID_0429,risky,1,24,0,,157692.43,0.20523,0.07876,,,,411889.5
MID_0430,risky,1,24,0,,44941.32,0.30579,0.11749,,,,141642.3
MID_0431,risky,1,23,1,23.0,24623.82,0.19002,0.06781,,,,70348.32
MID_0432,risky,1,24,0,,25434.23,0.39912,0.14982,,,,64915.22
MID_0433,risky,1,16,1,16.0,117909.15,0.13651,0.04365,,,,433207.45
MID_0434,risky,1,14,1,14.0,140916.16,0.16816,0.05628,,,,528941.38
MID_0435,risky,1,17,1,17.0,174756.43,0.16472,0.06222,,,,541845.72
MID_0436,risky,1,15,1,15.0,238392.7,0.32381,0.12176,,,,824324.53
MID_0437,risky,1,19,1,19.0,99167.2,0.27359,0.09858,,,,274772.86
MID_0438,risky,1,24,0,,78936.91,0.45842,0.17448,,,,225232.26
MID_0439,risky,1,24,0,,80778.8,0.28137,0.10562,,,,254975.63
MID_0440,risky,1,17,1,17.0,51629.18,0.31759,0.11764,,,,160487.13
MID_0441,risky,1,20,1,20.0,41635.24,0.22629,0.08403,,,,134703.02
MID_0442,risky,1,17,1,17.0,83161.77,0.28365,0.10343,,,,250802.2
MID_0443,risky,1,23,1,23.0,120230.5,0.21637,0.07746,,,,360993.98
MID_0444,risky,1,24,0,,19677.07,0.22705,0.08207,,,,55242.22
MID_0445,risky,1,21,1,21.0,269794.46,0.20415,0.07369,,,,821416.01
MID_0446,risky,1,19,1,19.0,54919.68,0.17895,0.06368,,,,175336.61
MID_0447,risky,1,14,1,14.0,157276.53,0.10536,0.03942,,,,582824.6
MID_0448,risky,1,23,1,23.0,54684.86,0.27666,0.09988,,,,181990.76
MID_0449,risky,1,24,0,,146103.4,0.21171,0.0862,,,,465971.29
MID_0450,risky,1,24,0,,74160.1,0.34003,0.12448,,,,239011.33
MID_0451,fraudulent,1,10,1,10.0,657152.33,0.43788,0.26428,,,,2321866.49
MID_0452,fraudulent,1,14,1,14.0,1009649.96,0.42282,0.2602,,,,1195146.25
MID_0453,fraudulent,1,14,1,14.0,2864869.27,0.37702,0.22133,,,,3352715.98
MID_0454,fraudulent,1,14,1,14.0,588606.8,0.33983,0.19092,,,,698973.33
MID_0455,fraudulent,1,11,1,11.0,399098.71,0.45003,0.27667,,,,1195859.66
MID_0456,fraudulent,1,18,1,18.0,271281.86,0.4715,0.29202,,,,65621.96
MID_0457,fraudulent,1,10,1,10.0,780635.59,0.34956,0.20422,,,,2705147.94
MID_0458,fraudulent,1,17,1,17.0,319447.18,0.47842,0.3,,,,74701.43
MID_0459,fraudulent,1,18,1,18.0,410361.12,0.27944,0.14504,,,,101860.19
MID_0460,fraudulent,1,14,1,14.0,475912.93,0.33519,0.19303,,,,550757.69
MID_0461,fraudulent,1,12,1,12.0,2151715.79,0.31196,0.16742,,,,5257921.64
MID_0462,fraudulent,1,13,1,13.0,1195580.34,0.26831,0.13561,,,,2131664.22
MID_0463,fraudulent,1,17,1,17.0,133014.67,0.2798,0.14137,,,,31434.67
MID_0464,fraudulent,1,10,1,10.0,110758.7,0.26066,0.12566,,,,385461.56
MID_0465,fraudulent,1,17,1,17.0,339033.97,0.3645,0.21437,,,,79233.14
MID_0466,fraudulent,1,16,1,16.0,657183.17,0.27529,0.14179,,,,220369.89
MID_0467,fraudulent,1,16,1,16.0,332045.15,0.40238,0.24065,,,,112318.14
MID_0468,fraudulent,1,17,1,17.0,1873969.69,0.43933,0.27299,,,,446193.38
MID_0469,fraudulent,1,17,1,17.0,309079.35,0.26887,0.13082,,,,75543.85
MID_0470,fraudulent,1,13,1,13.0,871344.74,0.33797,0.18673,,,,1582682.56
MID_0471,fraudulent,1,14,1,14.0,566127.2,0.45493,0.28534,,,,659155.27
MID_0472,fraudulent,1,14,1,14.0,4291965.6,0.26268,0.13264,,,,4987856.86
MID_0473,fraudulent,1,16,1,16.0,718140.71,0.31822,0.17101,,,,240687.65
MID_0474,fraudulent,1,16,1,16.0,797562.6,0.30331,0.1633,,,,260805.66
MID_0475,fraudulent,1,17,1,17.0,160627.96,0.3237,0.17769,,,,37259.14
MID_0476,fraudulent,1,10,1,10.0,525055.76,0.49548,0.3,,,,1851390.72
MID_0477,fraudulent,1,17,1,17.0,615725.12,0.29948,0.15749,,,,146720.45
MID_0478,fraudulent,1,16,1,16.0,584651.86,0.26585,0.1352,,,,200064.02
MID_0479,fraudulent,1,15,1,15.0,1161956.08,0.39523,0.23008,,,,773529.18
MID_0480,fraudulent,1,11,1,11.0,1252102.85,0.2585,0.12826,,,,3745388.63
MID_0481,fraudulent,1,13,1,13.0,331843.08,0.35025,0.19719,,,,591473.01
MID_0482,fraudulent,1,13,1,13.0,646118.58,0.33179,0.18828,,,,1137440.22
MID_0483,fraudulent,1,11,1,11.0,1162223.55,0.36717,0.21123,,,,3501438.74
MID_0484,fraudulent,1,10,1,10.0,1261021.92,0.49658,0.3,,,,4386312.74
MID_0485,fraudulent,1,10,1,10.0,658176.58,0.28468,0.14875,,,,2290798.96
MID_0486,fraudulent,1,16,1,16.0,445701.84,0.3356,0.18766,,,,149604.98
MID_0487,fraudulent,1,15,1,15.0,674693.53,0.26037,0.12948,,,,444366.84
MID_0488,fraudulent,1,14,1,14.0,1049969.85,0.36812,0.21155,,,,1223904.53
MID_0489,fraudulent,1,12,1,12.0,1161261.97,0.25853,0.12455,,,,2799465.49
MID_0490,fraudulent,1,13,1,13.0,800971.14,0.35749,0.202,,,,1447891.2
MID_0491,fraudulent,1,15,1,15.0,560071.68,0.29468,0.15077,,,,371308.48
MID_0492,fraudulent,1,13,1,13.0,342293.05,0.32694,0.17937,,,,620008.53
MID_0493,fraudulent,1,16,1,16.0,517670.39,0.37131,0.213,,,,175796.57
MID_0494,fraudulent,1,18,1,18.0,312770.67,0.49706,0.3,,,,77618.63
MID_0495,fraudulent,1,11,1,11.0,1715680.03,0.34385,0.19658,,,,5099088.04
MID_0496,fraudulent,1,16,1,16.0,1614112.27,0.42216,0.25563,,,,544292.06
MID_0497,fraudulent,1,18,1,18.0,1367630.7,0.29383,0.15851,,,,338042.04
MID_0498,fraudulent,1,17,1,17.0,1535375.67,0.3627,0.20656,,,,373722.18
MID_0499,fraudulent,1,14,1,14.0,154199.29,0.28736,0.14827,,,,180986.81
MID_0500,fraudulent,1,17,1,17.0,1223520.41,0.30368,0.16285,,,,288663.52
